id,home_team_win
730,TRUE
2450,TRUE
2448,TRUE
4713,FALSE
4714,FALSE
5641,FALSE
4716,TRUE
860,FALSE
861,TRUE
5638,TRUE
2437,TRUE
2430,FALSE
2429,TRUE
2427,FALSE
5630,FALSE
2422,TRUE
4730,TRUE
2418,FALSE
2402,TRUE
893,TRUE
892,FALSE
4735,TRUE
2406,FALSE
888,TRUE
4711,TRUE
2409,FALSE
883,TRUE
882,TRUE
5625,TRUE
5626,TRUE
5627,FALSE
2416,TRUE
2411,TRUE
4737,FALSE
851,TRUE
4709,TRUE
5680,TRUE
2516,TRUE
2514,TRUE
810,FALSE
2510,TRUE
4676,FALSE
4679,FALSE
2504,TRUE
4680,TRUE
817,TRUE
5670,TRUE
5667,TRUE
4682,TRUE
2496,FALSE
5662,TRUE
2489,TRUE
2485,FALSE
847,TRUE
846,TRUE
844,TRUE
5647,FALSE
5648,TRUE
2458,FALSE
5643,FALSE
2466,TRUE
4697,TRUE
834,TRUE
4694,TRUE
2478,TRUE
2481,TRUE
4691,TRUE
4701,FALSE
2520,TRUE
899,TRUE
5618,FALSE
5590,TRUE
5588,TRUE
5587,TRUE
2271,TRUE
4809,TRUE
2266,TRUE
4812,TRUE
4814,TRUE
2261,TRUE
2255,TRUE
2252,FALSE
2250,TRUE
978,TRUE
5580,TRUE
980,FALSE
983,FALSE
984,TRUE
2193,TRUE
5557,FALSE
2196,FALSE
2200,TRUE
2201,FALSE
2209,TRUE
962,FALSE
4837,TRUE
2220,FALSE
5567,FALSE
5568,TRUE
4824,FALSE
988,TRUE
2245,FALSE
2218,TRUE
900,TRUE
5591,TRUE
2279,FALSE
2390,FALSE
5617,TRUE
906,FALSE
2386,TRUE
4740,TRUE
2381,FALSE
5612,TRUE
915,TRUE
5609,TRUE
4751,FALSE
4753,TRUE
4760,FALSE
923,TRUE
4765,FALSE
4768,TRUE
927,TRUE
5602,FALSE
4795,TRUE
952,TRUE
4792,FALSE
2300,TRUE
2302,TRUE
2306,FALSE
959,TRUE
4773,FALSE
2328,TRUE
934,TRUE
933,TRUE
2338,TRUE
2339,TRUE
2342,TRUE
938,FALSE
4659,TRUE
4658,FALSE
2530,FALSE
622,TRUE
2804,TRUE
626,FALSE
4501,TRUE
636,TRUE
637,TRUE
2787,TRUE
2783,TRUE
5788,FALSE
5784,FALSE
2776,FALSE
5779,TRUE
2768,TRUE
2759,FALSE
656,FALSE
2758,TRUE
2756,TRUE
2695,TRUE
2698,TRUE
685,FALSE
2705,FALSE
2706,TRUE
5752,TRUE
4485,FALSE
5755,TRUE
4536,FALSE
5761,TRUE
2723,TRUE
4518,TRUE
4516,FALSE
2744,TRUE
2713,FALSE
5748,TRUE
2815,TRUE
5802,TRUE
2893,TRUE
2892,FALSE
568,TRUE
2886,TRUE
572,TRUE
5830,TRUE
2880,TRUE
578,FALSE
2875,TRUE
2873,FALSE
2864,TRUE
2859,FALSE
4460,FALSE
588,FALSE
4461,TRUE
4464,TRUE
5820,FALSE
5806,FALSE
4477,TRUE
611,TRUE
5809,TRUE
608,TRUE
5811,FALSE
2818,TRUE
2827,TRUE
600,TRUE
599,TRUE
2837,FALSE
597,FALSE
5818,TRUE
5819,TRUE
2831,TRUE
5746,TRUE
690,TRUE
2688,FALSE
746,FALSE
747,TRUE
5712,FALSE
5710,FALSE
5707,TRUE
2590,TRUE
758,TRUE
4615,TRUE
2580,TRUE
5700,TRUE
4620,TRUE
5699,TRUE
2570,TRUE
4625,TRUE
4637,TRUE
4638,TRUE
2561,TRUE
797,FALSE
4656,FALSE
4650,FALSE
4646,TRUE
2543,FALSE
2552,FALSE
745,TRUE
2553,FALSE
781,FALSE
780,FALSE
4639,TRUE
778,TRUE
2560,TRUE
776,TRUE
2554,TRUE
744,FALSE
743,TRUE
5717,TRUE
5733,TRUE
2647,FALSE
2649,TRUE
2655,TRUE
2656,TRUE
709,TRUE
717,TRUE
4569,TRUE
4560,FALSE
4555,TRUE
4554,TRUE
695,TRUE
694,TRUE
5744,TRUE
4564,TRUE
2192,TRUE
2645,TRUE
721,TRUE
4600,FALSE
2625,FALSE
736,FALSE
4595,TRUE
4591,FALSE
733,TRUE
2644,TRUE
732,TRUE
5297,TRUE
4590,FALSE
2633,TRUE
727,TRUE
726,TRUE
4588,TRUE
731,TRUE
2895,FALSE
4846,TRUE
4852,TRUE
1301,FALSE
5390,FALSE
5147,TRUE
5388,TRUE
1310,FALSE
5385,FALSE
1679,TRUE
1315,TRUE
5383,FALSE
5381,TRUE
1676,TRUE
5379,FALSE
5168,FALSE
1657,TRUE
5174,TRUE
5375,TRUE
1638,TRUE
5358,FALSE
5194,TRUE
1614,TRUE
1619,TRUE
1622,FALSE
1624,TRUE
1300,TRUE
1625,FALSE
1343,TRUE
1628,FALSE
1340,TRUE
1629,FALSE
5368,TRUE
5184,FALSE
1626,TRUE
1608,TRUE
5136,FALSE
5398,TRUE
5064,FALSE
5068,TRUE
1797,FALSE
1243,FALSE
1796,TRUE
5076,TRUE
5078,TRUE
1786,FALSE
1785,TRUE
5083,TRUE
1781,TRUE
5088,TRUE
1772,TRUE
5094,TRUE
1764,TRUE
1261,TRUE
1763,TRUE
1293,FALSE
1720,TRUE
1721,TRUE
1723,TRUE
1730,FALSE
5403,TRUE
5396,TRUE
1279,TRUE
1746,TRUE
5411,TRUE
1749,FALSE
5098,TRUE
5415,TRUE
1760,TRUE
5111,TRUE
5432,TRUE
5356,TRUE
5196,FALSE
1545,FALSE
1414,FALSE
1415,TRUE
5240,FALSE
1422,TRUE
5244,TRUE
1424,TRUE
5245,FALSE
1524,TRUE
1517,TRUE
1516,FALSE
1430,TRUE
1431,TRUE
5251,TRUE
1510,TRUE
1501,TRUE
1499,TRUE
1458,TRUE
5289,TRUE
1471,TRUE
5280,FALSE
1480,TRUE
5277,FALSE
1411,TRUE
5275,FALSE
5268,FALSE
1445,TRUE
5303,FALSE
5308,TRUE
5311,FALSE
1498,TRUE
5272,TRUE
5195,TRUE
1546,TRUE
5231,FALSE
1604,TRUE
1365,FALSE
1596,TRUE
1369,TRUE
5202,TRUE
1593,FALSE
1372,TRUE
1591,TRUE
1589,TRUE
5208,TRUE
1376,TRUE
1581,TRUE
5215,TRUE
1574,TRUE
1385,TRUE
1567,TRUE
1565,TRUE
1406,FALSE
1405,TRUE
1552,TRUE
1556,TRUE
5224,TRUE
5323,TRUE
1408,TRUE
1397,TRUE
1563,FALSE
1394,TRUE
1393,TRUE
5326,TRUE
5223,TRUE
1390,FALSE
1562,TRUE
1237,FALSE
1815,TRUE
1234,FALSE
2053,TRUE
1087,FALSE
1090,TRUE
5512,TRUE
2047,FALSE
2045,FALSE
5511,TRUE
4929,TRUE
2040,TRUE
4930,TRUE
4935,TRUE
2035,FALSE
1103,TRUE
1104,TRUE
1105,FALSE
2033,TRUE
1108,TRUE
2002,TRUE
4948,TRUE
5500,TRUE
2004,TRUE
4945,TRUE
2013,TRUE
2061,TRUE
1118,FALSE
1116,TRUE
4941,TRUE
1114,FALSE
1113,TRUE
4939,TRUE
4937,TRUE
1117,FALSE
5497,FALSE
5518,TRUE
4916,TRUE
2180,FALSE
4855,TRUE
4857,FALSE
1026,TRUE
1028,TRUE
4861,TRUE
2162,FALSE
4864,TRUE
2145,TRUE
2143,TRUE
2142,TRUE
2141,TRUE
4877,TRUE
4881,TRUE
2129,TRUE
2114,TRUE
2111,FALSE
4914,TRUE
2078,FALSE
2079,FALSE
4906,FALSE
2082,FALSE
1067,TRUE
5521,TRUE
2085,TRUE
2096,TRUE
5533,TRUE
2099,TRUE
2100,FALSE
2103,FALSE
1052,TRUE
5531,TRUE
1129,TRUE
5491,TRUE
4957,FALSE
1881,TRUE
1194,FALSE
1195,TRUE
5455,FALSE
5024,TRUE
1876,TRUE
1875,TRUE
1874,FALSE
5452,TRUE
1872,FALSE
1205,TRUE
5026,FALSE
5449,TRUE
1862,FALSE
5035,TRUE
1211,TRUE
1857,TRUE
1231,FALSE
1822,FALSE
1228,TRUE
1825,TRUE
5057,TRUE
1225,FALSE
5019,FALSE
5053,TRUE
5439,TRUE
1835,FALSE
1836,FALSE
5048,TRUE
5044,FALSE
1856,FALSE
1834,FALSE
5018,FALSE
5015,TRUE
5014,FALSE
5477,TRUE
4978,FALSE
5479,TRUE
4974,TRUE
5481,TRUE
4969,TRUE
5476,TRUE
1967,TRUE
1144,TRUE
1973,FALSE
1978,TRUE
5485,TRUE
1979,TRUE
4959,FALSE
1145,TRUE
4851,TRUE
4984,TRUE
1160,TRUE
1896,FALSE
1901,TRUE
5008,TRUE
1181,FALSE
1909,FALSE
1177,TRUE
1947,TRUE
1176,TRUE
1172,FALSE
1169,FALSE
5468,TRUE
1931,TRUE
1936,FALSE
4987,TRUE
1915,TRUE
2906,TRUE
5291,TRUE
3180,FALSE
4283,FALSE
4417,FALSE
3684,TRUE
3168,TRUE
105,TRUE
6024,FALSE
406,FALSE
3528,TRUE
4170,TRUE
408,TRUE
4288,TRUE
410,TRUE
3159,TRUE
282,TRUE
3687,FALSE
3689,TRUE
3151,TRUE
281,TRUE
3150,FALSE
4278,FALSE
3149,TRUE
3683,TRUE
286,TRUE
3197,TRUE
3539,FALSE
5943,TRUE
3360,TRUE
5942,FALSE
4268,TRUE
111,TRUE
3680,TRUE
3190,TRUE
176,TRUE
3186,TRUE
5937,FALSE
4275,TRUE
6120,TRUE
3459,FALSE
4055,TRUE
396,TRUE
3179,TRUE
4276,TRUE
4277,FALSE
3355,TRUE
5923,TRUE
3527,TRUE
272,TRUE
439,TRUE
440,TRUE
4323,FALSE
3095,TRUE
4162,TRUE
444,FALSE
4071,TRUE
3968,TRUE
155,TRUE
4326,FALSE
6028,TRUE
4330,FALSE
4160,FALSE
87,TRUE
3727,TRUE
4332,FALSE
85,FALSE
3385,TRUE
4322,TRUE
3141,FALSE
4320,TRUE
3109,FALSE
278,TRUE
3139,TRUE
420,TRUE
3989,FALSE
3983,TRUE
6130,TRUE
3525,TRUE
3128,TRUE
4303,TRUE
95,FALSE
3978,TRUE
3974,TRUE
3120,FALSE
4306,FALSE
4308,TRUE
430,FALSE
431,TRUE
4309,TRUE
92,TRUE
3970,FALSE
5949,FALSE
380,TRUE
3203,FALSE
3280,TRUE
3279,TRUE
304,TRUE
6008,TRUE
3276,TRUE
4230,FALSE
4231,TRUE
3268,FALSE
4193,TRUE
335,TRUE
3339,TRUE
4232,TRUE
4018,TRUE
160,TRUE
3262,TRUE
6013,TRUE
340,TRUE
5980,FALSE
133,TRUE
3281,TRUE
6108,TRUE
3330,TRUE
3284,TRUE
3303,TRUE
4215,TRUE
4210,TRUE
4219,FALSE
3595,FALSE
4031,TRUE
3590,TRUE
157,TRUE
3601,FALSE
3602,TRUE
4228,TRUE
3603,FALSE
145,TRUE
3579,FALSE
3314,TRUE
3319,TRUE
323,FALSE
3577,TRUE
3323,TRUE
4201,TRUE
131,TRUE
343,TRUE
3259,TRUE
3231,TRUE
363,TRUE
3654,TRUE
364,FALSE
117,FALSE
3547,TRUE
171,TRUE
4247,FALSE
3220,FALSE
372,FALSE
3545,FALSE
4252,FALSE
3354,TRUE
3669,FALSE
3211,TRUE
290,TRUE
5954,TRUE
3672,TRUE
4255,TRUE
3233,FALSE
4245,FALSE
359,FALSE
6111,FALSE
6091,FALSE
128,TRUE
346,TRUE
4235,TRUE
3642,TRUE
163,TRUE
6109,TRUE
296,FALSE
351,FALSE
3963,TRUE
3561,TRUE
3646,TRUE
3649,FALSE
4238,TRUE
3552,FALSE
6022,FALSE
3551,TRUE
4011,TRUE
121,FALSE
4244,TRUE
3553,TRUE
83,TRUE
4216,TRUE
3077,TRUE
206,TRUE
2990,TRUE
4374,FALSE
4335,TRUE
4375,TRUE
3809,TRUE
6155,FALSE
3810,TRUE
3490,TRUE
208,TRUE
41,TRUE
4378,TRUE
3813,TRUE
15,FALSE
3415,TRUE
507,FALSE
3912,TRUE
4142,FALSE
2991,TRUE
3839,TRUE
3472,TRUE
3788,TRUE
499,TRUE
2998,FALSE
543,FALSE
3402,TRUE
3815,TRUE
13,FALSE
4372,TRUE
503,TRUE
4145,TRUE
542,FALSE
3800,FALSE
504,TRUE
3496,TRUE
2997,TRUE
514,TRUE
4120,FALSE
6160,TRUE
6067,TRUE
241,TRUE
5853,FALSE
6171,TRUE
3482,TRUE
2968,TRUE
3830,TRUE
5854,TRUE
3891,FALSE
3834,FALSE
3479,TRUE
4388,FALSE
2961,TRUE
531,TRUE
22,FALSE
3428,TRUE
4387,TRUE
3923,TRUE
3827,TRUE
3483,TRUE
16,TRUE
3905,TRUE
6162,TRUE
3416,TRUE
2953,TRUE
34,TRUE
4392,TRUE
521,FALSE
6166,FALSE
6167,TRUE
3477,FALSE
535,FALSE
3478,TRUE
29,TRUE
4126,FALSE
534,TRUE
32,TRUE
4407,TRUE
6052,TRUE
497,TRUE
4352,TRUE
4150,TRUE
2,TRUE
5841,TRUE
75,FALSE
3462,FALSE
3744,FALSE
3741,TRUE
5885,TRUE
3043,TRUE
3042,TRUE
6080,TRUE
4,FALSE
4355,FALSE
3039,FALSE
227,TRUE
6081,TRUE
4350,FALSE
3736,FALSE
2918,TRUE
3076,FALSE
4338,TRUE
3961,TRUE
3071,TRUE
3070,TRUE
2916,TRUE
81,TRUE
3456,TRUE
3069,TRUE
3066,TRUE
3064,FALSE
189,TRUE
3058,TRUE
559,TRUE
464,FALSE
4416,TRUE
3055,FALSE
202,TRUE
3465,TRUE
72,TRUE
3032,TRUE
259,FALSE
4411,FALSE
485,TRUE
258,TRUE
3848,TRUE
3934,TRUE
488,TRUE
547,FALSE
3011,FALSE
491,TRUE
3005,FALSE
6073,FALSE
59,FALSE
3782,TRUE
3924,FALSE
11,TRUE
4079,TRUE
232,TRUE
3471,TRUE
6076,TRUE
3947,TRUE
4414,TRUE
2925,TRUE
6059,TRUE
3751,TRUE
4111,TRUE
3752,TRUE
68,TRUE
19,FALSE
221,FALSE
6036,TRUE
194,FALSE
482,TRUE
3850,TRUE
3754,FALSE
2015,TRUE
4099,TRUE
5037,TRUE
4090,TRUE
4943,TRUE
3567,TRUE
5027,FALSE
1894,FALSE
4949,FALSE
1956,FALSE
4076,TRUE
3506,TRUE
5006,FALSE
4064,FALSE
4067,TRUE
5004,FALSE
5003,TRUE
1954,TRUE
5007,TRUE
1949,FALSE
4075,TRUE
5000,FALSE
1922,FALSE
3516,TRUE
1926,TRUE
1940,FALSE
3510,TRUE
4072,FALSE
3872,TRUE
3517,FALSE
4077,TRUE
4972,TRUE
4078,TRUE
4087,FALSE
3550,FALSE
1999,TRUE
1991,TRUE
1879,TRUE
1989,FALSE
3548,TRUE
1882,FALSE
1883,TRUE
4086,TRUE
1985,TRUE
3542,TRUE
3540,TRUE
4082,TRUE
5013,TRUE
1974,TRUE
3497,TRUE
1971,TRUE
1969,TRUE
4056,TRUE
3501,FALSE
1870,TRUE
1929,TRUE
4422,TRUE
1851,FALSE
3761,TRUE
3941,TRUE
3770,TRUE
3781,FALSE
3785,TRUE
1586,TRUE
5211,FALSE
1580,FALSE
5212,TRUE
1575,TRUE
3793,TRUE
3798,TRUE
1573,TRUE
1566,FALSE
3913,FALSE
5201,TRUE
3910,FALSE
1598,TRUE
1600,TRUE
5177,TRUE
1633,TRUE
3957,FALSE
5187,FALSE
3956,TRUE
3950,FALSE
1621,FALSE
5190,FALSE
5191,TRUE
3949,TRUE
1610,FALSE
5197,TRUE
3946,TRUE
5198,FALSE
5199,TRUE
3758,TRUE
1648,TRUE
3909,TRUE
3908,FALSE
1500,FALSE
3888,TRUE
5264,TRUE
5267,TRUE
3847,FALSE
3886,TRUE
5269,TRUE
1487,TRUE
1486,TRUE
3884,TRUE
3853,TRUE
3857,FALSE
5278,FALSE
3877,TRUE
3873,FALSE
1505,TRUE
3811,TRUE
3889,FALSE
3841,TRUE
5225,TRUE
1557,TRUE
1553,TRUE
3821,FALSE
5232,FALSE
1541,TRUE
3824,FALSE
1539,TRUE
1538,TRUE
5237,TRUE
5242,TRUE
1528,TRUE
3897,FALSE
1518,FALSE
3837,FALSE
5253,TRUE
3966,TRUE
5171,TRUE
1659,TRUE
3630,FALSE
3634,TRUE
3636,FALSE
4012,TRUE
5090,TRUE
5093,TRUE
1773,TRUE
1769,FALSE
1767,TRUE
1766,FALSE
1762,TRUE
3651,TRUE
5101,TRUE
1757,TRUE
5104,FALSE
5073,TRUE
4006,TRUE
3628,TRUE
3623,FALSE
5043,TRUE
3593,TRUE
1845,TRUE
4030,TRUE
4029,FALSE
4024,TRUE
3610,TRUE
3613,TRUE
1821,TRUE
3614,FALSE
1820,FALSE
1818,TRUE
3615,TRUE
3620,FALSE
5062,TRUE
3625,TRUE
3668,FALSE
5105,TRUE
5106,TRUE
1691,TRUE
1690,TRUE
5151,FALSE
3982,TRUE
5153,TRUE
3704,TRUE
1681,TRUE
1678,TRUE
5157,FALSE
5162,TRUE
5163,TRUE
1668,FALSE
3969,TRUE
5166,TRUE
1665,TRUE
5144,FALSE
5139,TRUE
3992,FALSE
3994,TRUE
5109,FALSE
1742,TRUE
1741,TRUE
3675,FALSE
5112,FALSE
1733,TRUE
1732,TRUE
4033,TRUE
1729,FALSE
1722,FALSE
3682,FALSE
5121,TRUE
5122,TRUE
5124,TRUE
5125,TRUE
1706,TRUE
5116,TRUE
2020,TRUE
4843,FALSE
4104,TRUE
3044,TRUE
2637,TRUE
2635,TRUE
2634,FALSE
3051,FALSE
4348,TRUE
4345,TRUE
4342,TRUE
2621,TRUE
2620,TRUE
2615,TRUE
3079,FALSE
4607,FALSE
2598,TRUE
3080,TRUE
2597,TRUE
2593,TRUE
4587,FALSE
3041,TRUE
4579,FALSE
4356,TRUE
3017,FALSE
2687,FALSE
4364,TRUE
3023,FALSE
3025,TRUE
4556,TRUE
2678,FALSE
3026,TRUE
2592,TRUE
2675,TRUE
4568,FALSE
3029,FALSE
2663,TRUE
2659,TRUE
4574,TRUE
4357,TRUE
3031,TRUE
2653,FALSE
2669,FALSE
4614,TRUE
4331,TRUE
3086,FALSE
3138,TRUE
2529,FALSE
2526,TRUE
4661,TRUE
4666,FALSE
2513,FALSE
4292,TRUE
4673,TRUE
4299,TRUE
3155,FALSE
2501,TRUE
4286,TRUE
3166,TRUE
4686,TRUE
4284,TRUE
2487,TRUE
4692,TRUE
2480,FALSE
3164,TRUE
3004,TRUE
3131,TRUE
2535,TRUE
2585,TRUE
2584,TRUE
2581,TRUE
2577,TRUE
2576,TRUE
3089,FALSE
4626,FALSE
2565,TRUE
4651,TRUE
3098,TRUE
4310,TRUE
2556,TRUE
2550,FALSE
2549,FALSE
2548,FALSE
2545,TRUE
4643,TRUE
4304,TRUE
4317,TRUE
2475,TRUE
3003,TRUE
2701,FALSE
2945,TRUE
2949,TRUE
2836,TRUE
4475,TRUE
2829,TRUE
2956,TRUE
2825,FALSE
2957,TRUE
2824,TRUE
2964,TRUE
2821,TRUE
2820,TRUE
2967,TRUE
2814,FALSE
4483,TRUE
2970,FALSE
4488,TRUE
2840,TRUE
2842,TRUE
2944,FALSE
2942,TRUE
2902,TRUE
4415,TRUE
4437,FALSE
2883,FALSE
2920,TRUE
2882,FALSE
4440,TRUE
2876,TRUE
2803,FALSE
2926,TRUE
2931,TRUE
4450,TRUE
4453,FALSE
4454,TRUE
2856,TRUE
4402,TRUE
4400,TRUE
2847,TRUE
2927,TRUE
2802,TRUE
2801,TRUE
2800,TRUE
4513,FALSE
2757,TRUE
2753,TRUE
2751,TRUE
2746,FALSE
2994,TRUE
4520,TRUE
4521,FALSE
2766,TRUE
2717,FALSE
4539,FALSE
2712,TRUE
2710,TRUE
4542,TRUE
2999,TRUE
2708,TRUE
3000,TRUE
4545,TRUE
4538,FALSE
3001,FALSE
4511,TRUE
2770,FALSE
4493,FALSE
2795,TRUE
2791,TRUE
4498,TRUE
4499,TRUE
2971,TRUE
2974,FALSE
2975,FALSE
4377,TRUE
2978,TRUE
2982,FALSE
2781,TRUE
4502,TRUE
4505,FALSE
2778,TRUE
4380,TRUE
2773,TRUE
2772,TRUE
2979,TRUE
2468,TRUE
4708,FALSE
4269,FALSE
4858,FALSE
2167,FALSE
4165,TRUE
2166,TRUE
4163,FALSE
2164,TRUE
3380,TRUE
4872,TRUE
2148,FALSE
4159,TRUE
4158,FALSE
4154,FALSE
2134,TRUE
2130,FALSE
4889,TRUE
2121,TRUE
4890,TRUE
3371,TRUE
3370,TRUE
2173,TRUE
4166,TRUE
2234,TRUE
4827,TRUE
2231,TRUE
2230,TRUE
2228,TRUE
2227,TRUE
3353,TRUE
2225,FALSE
2118,TRUE
4831,FALSE
2211,TRUE
2208,TRUE
2206,FALSE
4841,TRUE
4173,TRUE
2195,FALSE
3366,TRUE
4167,TRUE
3357,TRUE
4891,TRUE
4892,TRUE
3392,TRUE
2062,TRUE
4130,FALSE
4127,TRUE
2059,TRUE
4923,TRUE
3427,TRUE
2051,TRUE
2050,TRUE
4919,TRUE
3432,TRUE
4928,TRUE
3437,TRUE
2041,TRUE
3441,TRUE
2036,TRUE
4118,FALSE
4114,TRUE
2034,FALSE
4122,TRUE
3352,FALSE
2066,TRUE
3409,TRUE
3393,FALSE
4893,TRUE
2107,TRUE
4900,TRUE
4146,TRUE
3396,FALSE
3397,FALSE
3398,FALSE
2067,FALSE
4902,FALSE
2091,FALSE
2088,TRUE
3399,TRUE
4905,FALSE
4143,TRUE
3407,FALSE
4909,TRUE
2072,FALSE
2092,TRUE
2242,TRUE
2244,TRUE
4179,TRUE
2410,TRUE
3238,TRUE
4733,TRUE
4242,FALSE
3242,FALSE
3244,TRUE
2403,TRUE
3248,TRUE
2413,TRUE
2398,TRUE
3251,TRUE
3252,TRUE
4738,TRUE
3254,FALSE
2389,TRUE
3258,FALSE
4741,FALSE
3260,TRUE
4736,FALSE
4742,FALSE
2414,FALSE
3230,TRUE
3191,FALSE
2457,TRUE
2455,TRUE
4267,TRUE
3198,TRUE
4261,FALSE
2443,FALSE
3209,TRUE
4732,FALSE
3210,FALSE
2439,TRUE
4717,FALSE
2433,TRUE
4249,TRUE
4725,TRUE
3225,TRUE
4246,TRUE
3229,TRUE
2440,TRUE
2023,TRUE
2377,TRUE
2373,TRUE
2291,FALSE
4794,TRUE
2289,TRUE
4218,TRUE
2281,FALSE
3302,TRUE
4798,TRUE
4800,TRUE
4225,TRUE
4801,TRUE
4204,TRUE
2251,TRUE
4188,FALSE
3342,TRUE
2248,TRUE
2247,TRUE
4187,TRUE
2246,TRUE
3313,TRUE
4747,FALSE
2293,FALSE
2298,FALSE
2369,FALSE
4233,TRUE
2356,TRUE
3267,FALSE
4761,TRUE
3278,TRUE
2341,TRUE
3283,TRUE
2294,TRUE
2336,FALSE
3285,TRUE
4774,FALSE
4781,TRUE
2307,TRUE
3287,FALSE
2305,FALSE
4790,FALSE
4227,TRUE
2327,TRUE
0,TRUE
4991,TRUE
3870,TRUE
526,FALSE
523,TRUE
5855,FALSE
5856,TRUE
5475,TRUE
518,TRUE
5863,TRUE
5471,TRUE
1163,TRUE
1164,FALSE
5867,FALSE
492,TRUE
529,FALSE
1168,TRUE
5879,TRUE
474,TRUE
1180,FALSE
469,TRUE
466,TRUE
463,TRUE
1185,FALSE
1186,TRUE
1187,TRUE
5463,TRUE
5890,TRUE
5461,TRUE
5467,FALSE
1146,TRUE
5482,FALSE
545,TRUE
595,TRUE
5507,FALSE
1106,FALSE
1107,TRUE
591,FALSE
5821,TRUE
5824,TRUE
585,TRUE
582,TRUE
579,TRUE
570,TRUE
569,TRUE
1122,TRUE
566,TRUE
1123,TRUE
5834,TRUE
5835,FALSE
1130,TRUE
561,FALSE
5839,FALSE
5494,TRUE
5842,FALSE
5487,FALSE
549,FALSE
5484,TRUE
1140,TRUE
1141,TRUE
454,TRUE
445,TRUE
5905,TRUE
5451,TRUE
5973,TRUE
350,TRUE
349,FALSE
1247,TRUE
5423,TRUE
5977,TRUE
5978,TRUE
1250,FALSE
5979,TRUE
5983,FALSE
333,TRUE
1256,TRUE
1257,TRUE
5418,TRUE
317,TRUE
313,TRUE
6006,TRUE
1270,TRUE
1276,TRUE
297,TRUE
6019,TRUE
288,FALSE
277,TRUE
273,TRUE
1290,TRUE
6034,TRUE
5399,TRUE
5972,TRUE
603,FALSE
5428,TRUE
5963,FALSE
5908,FALSE
5450,TRUE
1207,FALSE
429,FALSE
427,TRUE
426,TRUE
5916,TRUE
5919,TRUE
421,TRUE
1215,FALSE
5924,FALSE
412,TRUE
411,TRUE
407,FALSE
1219,FALSE
1220,TRUE
5932,TRUE
398,FALSE
394,TRUE
5939,TRUE
388,TRUE
5948,TRUE
1233,TRUE
379,TRUE
5433,FALSE
1236,TRUE
5958,TRUE
5968,TRUE
616,FALSE
5801,TRUE
618,TRUE
836,TRUE
982,FALSE
5574,TRUE
5573,FALSE
831,TRUE
989,FALSE
828,FALSE
5571,TRUE
5669,FALSE
5675,TRUE
5676,TRUE
995,TRUE
807,TRUE
5678,TRUE
803,TRUE
1003,FALSE
801,FALSE
799,TRUE
798,FALSE
1004,FALSE
5685,TRUE
1006,FALSE
1007,FALSE
5688,FALSE
5561,FALSE
786,FALSE
5692,TRUE
837,TRUE
1015,TRUE
974,TRUE
5649,TRUE
924,TRUE
922,TRUE
5607,TRUE
939,TRUE
940,TRUE
5608,TRUE
5597,TRUE
5615,TRUE
5616,FALSE
907,TRUE
945,TRUE
949,FALSE
890,TRUE
954,FALSE
5595,FALSE
889,TRUE
5623,FALSE
5624,FALSE
878,TRUE
876,TRUE
874,TRUE
867,FALSE
965,TRUE
856,TRUE
853,FALSE
970,FALSE
971,TRUE
840,TRUE
256,TRUE
775,TRUE
1017,TRUE
683,TRUE
5542,TRUE
5537,FALSE
1054,TRUE
5764,TRUE
5536,FALSE
1057,FALSE
1060,TRUE
1063,FALSE
660,FALSE
658,TRUE
657,TRUE
5774,TRUE
5778,TRUE
651,TRUE
649,FALSE
5525,TRUE
1076,FALSE
5524,TRUE
639,TRUE
5790,TRUE
5520,TRUE
1083,TRUE
627,TRUE
5798,FALSE
624,TRUE
620,TRUE
5543,FALSE
5695,TRUE
1044,FALSE
1043,TRUE
771,FALSE
5696,TRUE
767,FALSE
5555,TRUE
5554,TRUE
763,TRUE
5702,FALSE
5706,TRUE
5709,FALSE
5716,TRUE
740,FALSE
1031,TRUE
738,TRUE
5726,TRUE
5728,FALSE
722,TRUE
5732,TRUE
712,TRUE
708,TRUE
5548,TRUE
707,FALSE
704,TRUE
702,TRUE
701,TRUE
5545,FALSE
5739,FALSE
691,FALSE
5750,TRUE
248,FALSE
462,FALSE
1351,TRUE
1395,FALSE
1409,FALSE
6064,FALSE
1391,TRUE
28,TRUE
1339,FALSE
26,FALSE
224,FALSE
1449,TRUE
6061,TRUE
6125,TRUE
25,TRUE
1356,FALSE
231,TRUE
5333,TRUE
143,TRUE
5369,TRUE
1403,TRUE
64,FALSE
5391,TRUE
110,TRUE
5315,FALSE
6176,FALSE
1342,TRUE
142,FALSE
185,TRUE
214,FALSE
6071,TRUE
1402,TRUE
205,FALSE
200,TRUE
197,TRUE
52,TRUE
6077,FALSE
209,FALSE
6150,TRUE
193,FALSE
54,TRUE
5380,FALSE
96,FALSE
6068,TRUE
213,TRUE
1432,FALSE
100,FALSE
6151,TRUE
1439,TRUE
57,FALSE
6153,TRUE
5309,FALSE
60,FALSE
6158,TRUE
235,TRUE
6122,FALSE
20,TRUE
6113,TRUE
6104,TRUE
6047,TRUE
76,TRUE
175,TRUE
1380,FALSE
5339,FALSE
174,FALSE
5,TRUE
130,FALSE
170,TRUE
122,TRUE
129,FALSE
5342,TRUE
127,TRUE
1457,TRUE
126,FALSE
5371,TRUE
5397,FALSE
6182,TRUE
1377,TRUE
5347,FALSE
6115,TRUE
137,FALSE
6147,FALSE
1425,TRUE
177,TRUE
5392,TRUE
6141,TRUE
1416,FALSE
1363,TRUE
12,TRUE
1366,TRUE
1384,FALSE
6177,TRUE
6137,TRUE
8,FALSE
4550,TRUE
3723,FALSE
6136,TRUE
687,FALSE
4553,FALSE
2618,FALSE
3959,TRUE
2690,FALSE
4577,FALSE
5735,TRUE
3702,TRUE
2693,FALSE
713,TRUE
89,FALSE
86,TRUE
3719,TRUE
5729,FALSE
2661,TRUE
4571,TRUE
3717,FALSE
5724,TRUE
6135,FALSE
5723,TRUE
3716,TRUE
3714,FALSE
2676,FALSE
3975,FALSE
4593,FALSE
91,TRUE
2685,TRUE
2628,TRUE
5742,TRUE
84,FALSE
2658,FALSE
2641,FALSE
2624,FALSE
3408,TRUE
6131,TRUE
2763,TRUE
5775,TRUE
3681,FALSE
2769,TRUE
2771,TRUE
112,TRUE
4509,TRUE
4506,TRUE
646,TRUE
644,FALSE
3674,TRUE
5785,TRUE
3670,TRUE
5787,FALSE
3667,FALSE
2784,TRUE
3657,TRUE
5791,TRUE
4496,TRUE
2794,FALSE
2796,FALSE
3653,TRUE
5799,FALSE
5800,TRUE
2811,TRUE
2813,TRUE
619,TRUE
3648,TRUE
3647,TRUE
654,TRUE
3981,FALSE
3685,FALSE
4515,TRUE
4544,TRUE
6129,FALSE
5751,FALSE
4543,TRUE
5753,TRUE
677,TRUE
5756,FALSE
4541,FALSE
3985,TRUE
5758,FALSE
2719,TRUE
670,TRUE
3988,TRUE
2724,FALSE
2726,TRUE
79,TRUE
4528,TRUE
4527,FALSE
3990,FALSE
103,FALSE
4524,FALSE
2733,TRUE
2734,TRUE
2735,TRUE
4523,TRUE
2739,FALSE
5768,TRUE
664,TRUE
663,TRUE
2754,FALSE
78,FALSE
772,FALSE
2609,FALSE
6181,TRUE
2404,TRUE
891,FALSE
10,TRUE
14,FALSE
3843,TRUE
884,TRUE
3838,FALSE
5628,TRUE
4731,TRUE
3836,FALSE
2421,FALSE
869,TRUE
4723,TRUE
3835,TRUE
865,TRUE
6172,TRUE
5651,FALSE
4705,FALSE
4706,FALSE
2462,FALSE
3823,TRUE
30,TRUE
5621,FALSE
2453,FALSE
852,FALSE
2449,TRUE
854,TRUE
2445,FALSE
2442,TRUE
5636,TRUE
849,TRUE
37,TRUE
2400,TRUE
2395,TRUE
2340,FALSE
4766,TRUE
4762,TRUE
3865,TRUE
2353,TRUE
3878,FALSE
3858,FALSE
2357,FALSE
4756,TRUE
2360,TRUE
2362,TRUE
4755,TRUE
2367,TRUE
919,TRUE
3855,TRUE
4749,TRUE
2374,FALSE
2394,TRUE
5619,TRUE
901,TRUE
2388,FALSE
4739,FALSE
3885,FALSE
897,TRUE
908,FALSE
2383,FALSE
7,FALSE
3854,FALSE
4746,FALSE
912,TRUE
5613,FALSE
2384,FALSE
3816,FALSE
2471,FALSE
2472,TRUE
3774,TRUE
2547,TRUE
3931,TRUE
5690,TRUE
62,FALSE
2551,FALSE
784,TRUE
783,FALSE
3935,TRUE
2558,TRUE
3942,TRUE
3944,TRUE
4632,TRUE
6110,FALSE
3945,FALSE
2574,TRUE
3755,TRUE
2607,TRUE
5714,TRUE
752,FALSE
2594,FALSE
3737,TRUE
754,TRUE
2542,TRUE
2589,TRUE
2586,FALSE
760,FALSE
3747,TRUE
2579,TRUE
5701,TRUE
70,FALSE
4616,FALSE
2537,TRUE
3927,TRUE
2536,FALSE
816,TRUE
3802,TRUE
4681,FALSE
2499,TRUE
2498,TRUE
4685,TRUE
3799,TRUE
2494,TRUE
3807,TRUE
2479,FALSE
44,TRUE
5653,TRUE
833,FALSE
5652,TRUE
826,TRUE
2614,TRUE
813,TRUE
4672,FALSE
793,TRUE
58,TRUE
55,TRUE
3922,TRUE
802,TRUE
2523,FALSE
3916,TRUE
3791,FALSE
2518,TRUE
3792,TRUE
4668,TRUE
808,TRUE
809,TRUE
4670,FALSE
4665,TRUE
5804,FALSE
583,TRUE
604,TRUE
4089,TRUE
5953,TRUE
3206,TRUE
4259,FALSE
3484,FALSE
3201,TRUE
3218,TRUE
3486,TRUE
4265,FALSE
4266,FALSE
5941,TRUE
391,TRUE
4270,TRUE
3489,FALSE
384,TRUE
4273,FALSE
4250,TRUE
3224,TRUE
3250,TRUE
4094,FALSE
3246,FALSE
4239,TRUE
3475,FALSE
4243,FALSE
4248,FALSE
3237,FALSE
358,TRUE
216,TRUE
3232,TRUE
367,TRUE
3226,TRUE
368,TRUE
3236,TRUE
3182,TRUE
3495,TRUE
3175,FALSE
3123,TRUE
4069,FALSE
5914,FALSE
4307,TRUE
6082,TRUE
3113,TRUE
3513,TRUE
3106,FALSE
3521,TRUE
6083,TRUE
6085,TRUE
3529,TRUE
3100,TRUE
438,TRUE
3102,TRUE
3512,FALSE
4301,FALSE
3134,FALSE
400,TRUE
201,TRUE
402,FALSE
5927,TRUE
405,TRUE
4287,TRUE
3161,FALSE
3158,TRUE
413,FALSE
190,FALSE
3145,TRUE
3140,TRUE
3508,FALSE
4074,TRUE
3135,FALSE
220,FALSE
5906,FALSE
3463,FALSE
348,TRUE
4169,TRUE
3363,FALSE
287,TRUE
4174,FALSE
3358,FALSE
291,TRUE
280,FALSE
293,TRUE
4177,FALSE
6049,TRUE
4180,TRUE
240,TRUE
3429,TRUE
301,TRUE
4175,TRUE
3336,FALSE
6026,TRUE
3374,TRUE
3417,FALSE
250,TRUE
251,FALSE
253,FALSE
4148,TRUE
4132,TRUE
4128,FALSE
4152,TRUE
3422,FALSE
3423,FALSE
3382,TRUE
271,FALSE
3377,TRUE
6045,FALSE
264,FALSE
3334,TRUE
6009,TRUE
3325,TRUE
5989,FALSE
3438,FALSE
5988,FALSE
5986,FALSE
5985,TRUE
234,TRUE
326,FALSE
3270,FALSE
3261,TRUE
4107,FALSE
4105,TRUE
4103,TRUE
3256,TRUE
4100,TRUE
3263,TRUE
5992,TRUE
5995,FALSE
320,TRUE
308,FALSE
6050,FALSE
4206,TRUE
3316,FALSE
6005,TRUE
3311,TRUE
4208,FALSE
3431,TRUE
6003,TRUE
315,FALSE
238,FALSE
5998,FALSE
4224,FALSE
319,TRUE
3291,TRUE
4237,TRUE
2826,FALSE
4060,TRUE
6183,FALSE
4412,TRUE
6098,FALSE
149,FALSE
4027,FALSE
2928,FALSE
551,TRUE
548,TRUE
552,TRUE
2923,TRUE
2922,TRUE
554,TRUE
144,TRUE
557,TRUE
4022,TRUE
2924,FALSE
4420,FALSE
2934,TRUE
3591,FALSE
3581,TRUE
4391,FALSE
5850,TRUE
533,TRUE
5847,TRUE
2950,TRUE
3594,FALSE
2948,TRUE
540,TRUE
3583,TRUE
5846,TRUE
3587,TRUE
4404,TRUE
546,TRUE
2946,FALSE
4423,TRUE
4424,FALSE
2907,TRUE
4138,TRUE
2862,TRUE
4457,TRUE
6106,TRUE
2858,TRUE
3629,TRUE
4449,TRUE
5822,TRUE
3635,FALSE
2846,FALSE
4468,FALSE
2841,TRUE
5816,TRUE
4471,FALSE
2851,TRUE
2871,FALSE
4446,FALSE
4441,FALSE
563,FALSE
2903,TRUE
2899,TRUE
2898,FALSE
3616,FALSE
4432,TRUE
4020,FALSE
5833,FALSE
2889,FALSE
3618,TRUE
4435,FALSE
2887,FALSE
3619,TRUE
573,TRUE
5828,TRUE
528,FALSE
3093,TRUE
4039,TRUE
158,TRUE
4049,TRUE
4347,FALSE
465,TRUE
167,TRUE
467,FALSE
165,TRUE
931,TRUE
4048,FALSE
3045,TRUE
475,TRUE
3038,TRUE
3036,FALSE
3035,TRUE
3034,FALSE
4354,TRUE
3033,FALSE
461,TRUE
3061,FALSE
4058,FALSE
5903,FALSE
451,TRUE
5899,TRUE
3534,TRUE
3075,TRUE
173,TRUE
4057,FALSE
3072,FALSE
5891,FALSE
4341,TRUE
460,FALSE
3063,TRUE
3062,TRUE
4336,TRUE
4047,FALSE
481,FALSE
4358,FALSE
4373,TRUE
3566,TRUE
2988,FALSE
5861,TRUE
5859,TRUE
5858,TRUE
5866,FALSE
517,FALSE
161,TRUE
3569,FALSE
3571,TRUE
4384,TRUE
2972,FALSE
3575,TRUE
4383,FALSE
4042,TRUE
502,TRUE
3562,FALSE
486,TRUE
4363,FALSE
5874,FALSE
3558,TRUE
4365,FALSE
3014,TRUE
4369,TRUE
490,FALSE
4371,FALSE
3007,TRUE
5872,TRUE
3002,FALSE
496,FALSE
3559,TRUE
2996,FALSE
525,TRUE
2337,FALSE
4570,TRUE
2127,TRUE
5256,TRUE
2105,FALSE
4896,FALSE
5260,TRUE
1756,TRUE
4894,TRUE
1053,TRUE
2110,FALSE
5538,TRUE
5103,TRUE
5539,TRUE
2116,TRUE
1751,TRUE
2119,TRUE
4888,FALSE
1750,FALSE
1272,FALSE
5410,TRUE
4885,TRUE
1275,TRUE
1277,TRUE
2137,TRUE
1739,TRUE
5535,FALSE
1761,TRUE
2094,TRUE
1262,TRUE
5314,TRUE
1084,FALSE
1428,TRUE
5080,TRUE
2063,TRUE
1788,FALSE
1429,TRUE
1080,TRUE
5084,FALSE
5085,TRUE
1252,TRUE
2138,FALSE
1073,FALSE
1515,TRUE
5529,FALSE
2083,TRUE
1068,TRUE
1514,FALSE
1774,TRUE
1065,TRUE
1258,FALSE
5421,FALSE
2089,TRUE
1765,FALSE
5528,TRUE
1793,TRUE
1738,TRUE
5114,TRUE
2170,TRUE
1022,FALSE
1708,FALSE
1583,FALSE
1021,TRUE
2174,TRUE
2175,TRUE
2176,TRUE
4854,TRUE
4853,FALSE
2179,TRUE
1020,FALSE
2184,FALSE
1584,TRUE
5133,TRUE
1299,TRUE
4848,FALSE
1378,TRUE
5141,FALSE
2188,TRUE
2191,TRUE
5556,TRUE
1448,FALSE
1023,FALSE
5302,TRUE
1709,TRUE
1493,TRUE
1035,TRUE
2146,FALSE
1286,TRUE
5118,TRUE
1382,TRUE
5549,TRUE
2150,FALSE
5401,TRUE
2151,TRUE
2152,TRUE
4870,TRUE
5113,TRUE
4869,TRUE
2157,TRUE
1381,FALSE
2158,TRUE
1719,TRUE
4868,TRUE
5120,FALSE
4865,FALSE
1032,TRUE
1713,TRUE
1296,TRUE
1582,TRUE
5213,FALSE
1085,TRUE
2054,TRUE
1242,FALSE
1942,FALSE
1201,TRUE
1873,TRUE
1945,FALSE
1869,TRUE
1946,TRUE
5473,FALSE
1950,FALSE
5354,FALSE
1551,TRUE
1156,TRUE
1957,FALSE
5033,FALSE
1961,TRUE
5445,FALSE
1859,TRUE
1213,TRUE
1855,TRUE
1965,FALSE
5241,TRUE
5483,TRUE
1531,FALSE
1555,TRUE
5235,TRUE
5234,TRUE
1932,FALSE
1413,FALSE
1906,TRUE
1910,TRUE
1912,TRUE
1903,TRUE
5318,FALSE
1175,FALSE
5464,FALSE
1916,FALSE
5012,TRUE
1897,TRUE
1892,TRUE
5486,TRUE
5017,TRUE
1889,FALSE
5462,FALSE
1170,TRUE
4999,FALSE
1543,TRUE
1925,TRUE
1886,TRUE
1884,FALSE
5469,FALSE
5460,TRUE
5457,TRUE
1189,FALSE
1981,TRUE
1217,TRUE
1984,TRUE
1387,TRUE
1232,FALSE
2027,TRUE
5058,FALSE
1817,TRUE
2028,TRUE
1813,TRUE
1239,FALSE
2032,TRUE
1101,TRUE
5250,TRUE
1823,FALSE
5066,TRUE
5069,FALSE
1093,TRUE
5072,FALSE
2046,FALSE
5074,FALSE
2048,TRUE
4924,TRUE
5514,FALSE
5515,TRUE
2052,TRUE
1798,FALSE
1097,TRUE
5340,TRUE
5331,TRUE
1112,TRUE
1134,TRUE
1990,TRUE
1847,TRUE
4955,FALSE
1846,TRUE
1218,FALSE
5322,TRUE
4951,TRUE
1996,TRUE
1843,FALSE
1998,TRUE
2022,TRUE
4950,TRUE
5499,FALSE
4947,TRUE
5243,FALSE
1421,TRUE
2008,FALSE
2011,TRUE
2012,TRUE
5438,TRUE
5052,TRUE
2018,FALSE
1115,FALSE
1128,FALSE
2194,TRUE
1907,FALSE
943,TRUE
4819,TRUE
993,TRUE
1452,TRUE
2313,TRUE
2284,TRUE
1654,TRUE
4797,FALSE
4829,FALSE
1483,FALSE
5188,TRUE
1325,TRUE
2232,TRUE
5346,FALSE
2318,TRUE
2221,FALSE
5583,TRUE
5203,TRUE
2319,TRUE
958,TRUE
5563,TRUE
5283,FALSE
1640,TRUE
2262,FALSE
1455,TRUE
1314,TRUE
1651,TRUE
2256,FALSE
4826,TRUE
1341,FALSE
5343,FALSE
2296,TRUE
947,TRUE
946,TRUE
1631,TRUE
1345,TRUE
1323,TRUE
1663,TRUE
1327,FALSE
1623,TRUE
5570,TRUE
2304,TRUE
1673,TRUE
975,TRUE
1347,FALSE
2308,TRUE
1660,TRUE
5206,TRUE
2309,FALSE
2288,TRUE
5593,FALSE
2237,TRUE
4825,FALSE
5582,TRUE
2267,TRUE
1317,TRUE
2297,TRUE
1684,TRUE
1456,TRUE
936,TRUE
5148,FALSE
5387,FALSE
1354,FALSE
2204,TRUE
5175,TRUE
960,TRUE
2210,TRUE
5294,TRUE
5176,TRUE
1488,TRUE
5351,FALSE
4840,TRUE
2203,TRUE
2334,TRUE
2273,TRUE
4838,TRUE
2332,TRUE
5282,TRUE
2268,TRUE
1311,TRUE
5290,TRUE
1609,TRUE
1692,TRUE
1361,FALSE
1012,TRUE
1306,FALSE
2278,FALSE
4799,FALSE
937,TRUE
1645,TRUE
2214,FALSE
1810,FALSE
1636,TRUE
4282,TRUE
5930,TRUE
166,TRUE
1809,TRUE
5051,FALSE
370,FALSE
5960,TRUE
164,FALSE
1400,TRUE
3560,FALSE
1844,FALSE
5961,TRUE
4044,FALSE
5928,TRUE
3692,TRUE
3556,TRUE
5181,FALSE
1839,TRUE
5049,TRUE
5180,TRUE
3991,FALSE
1841,FALSE
3622,FALSE
5061,FALSE
3217,FALSE
1396,TRUE
4253,FALSE
1227,TRUE
1824,TRUE
1811,TRUE
3193,FALSE
5373,TRUE
375,FALSE
172,TRUE
3626,FALSE
5956,FALSE
5946,TRUE
1643,TRUE
178,TRUE
4256,FALSE
5178,TRUE
3202,TRUE
3538,TRUE
1229,FALSE
102,TRUE
1226,TRUE
5959,TRUE
1637,TRUE
3216,TRUE
6087,TRUE
138,TRUE
1642,TRUE
1833,TRUE
3176,FALSE
4050,TRUE
5056,TRUE
3178,TRUE
395,FALSE
3993,FALSE
108,FALSE
4274,FALSE
1829,FALSE
4271,TRUE
1828,FALSE
3187,TRUE
5935,TRUE
3215,FALSE
3435,TRUE
4291,TRUE
3589,TRUE
4036,FALSE
5359,TRUE
450,TRUE
4037,FALSE
1599,FALSE
4334,TRUE
3584,TRUE
5902,TRUE
3083,TRUE
1878,FALSE
446,TRUE
5454,FALSE
5904,TRUE
3091,TRUE
1199,TRUE
1350,FALSE
4324,FALSE
3582,TRUE
5189,TRUE
3097,TRUE
1203,FALSE
1866,FALSE
156,FALSE
935,TRUE
5893,TRUE
5892,FALSE
1182,FALSE
3049,TRUE
3050,TRUE
3715,TRUE
4351,FALSE
5352,FALSE
3606,TRUE
1902,FALSE
3605,TRUE
3604,TRUE
6102,TRUE
1900,FALSE
1184,TRUE
5230,TRUE
141,TRUE
3598,TRUE
459,TRUE
3713,FALSE
3068,TRUE
152,TRUE
5193,TRUE
5020,TRUE
1613,FALSE
93,TRUE
3154,TRUE
5349,FALSE
4315,FALSE
4300,TRUE
3133,TRUE
5038,TRUE
5041,FALSE
422,TRUE
1807,FALSE
4041,FALSE
3137,FALSE
1852,FALSE
1216,FALSE
418,TRUE
5364,TRUE
3699,FALSE
5320,TRUE
3565,TRUE
1558,TRUE
4295,FALSE
4294,FALSE
3148,TRUE
415,FALSE
6105,FALSE
414,TRUE
5367,FALSE
5920,TRUE
5909,TRUE
3130,TRUE
4302,TRUE
3578,TRUE
6092,TRUE
3576,FALSE
1620,TRUE
3703,TRUE
3108,TRUE
5910,TRUE
4311,FALSE
3111,TRUE
433,FALSE
3574,TRUE
5031,TRUE
5912,TRUE
3573,TRUE
1209,TRUE
3117,TRUE
5319,FALSE
4305,TRUE
3572,TRUE
1348,TRUE
3121,TRUE
3122,TRUE
3570,TRUE
3127,TRUE
1569,FALSE
3243,FALSE
1804,TRUE
4009,TRUE
4171,TRUE
1284,FALSE
5402,TRUE
215,TRUE
3367,FALSE
1727,TRUE
217,TRUE
276,TRUE
1677,TRUE
274,TRUE
4091,FALSE
5119,TRUE
3375,TRUE
1724,FALSE
3473,FALSE
3638,TRUE
3656,FALSE
3655,TRUE
4093,TRUE
270,TRUE
1289,FALSE
4096,TRUE
1320,FALSE
3467,TRUE
5404,TRUE
3356,TRUE
3663,FALSE
4195,TRUE
3046,FALSE
305,TRUE
4194,TRUE
5409,TRUE
3333,TRUE
1745,TRUE
3335,FALSE
3662,TRUE
4192,FALSE
3338,TRUE
4189,TRUE
3661,TRUE
6015,TRUE
3637,TRUE
4185,TRUE
5110,TRUE
3347,TRUE
4178,FALSE
292,FALSE
1735,TRUE
289,TRUE
5405,FALSE
1680,TRUE
6035,FALSE
3386,FALSE
3452,FALSE
3451,FALSE
3641,TRUE
246,TRUE
6044,FALSE
5127,TRUE
5207,FALSE
3448,FALSE
4136,FALSE
4133,FALSE
5129,TRUE
4112,TRUE
1704,FALSE
5131,TRUE
6056,FALSE
3444,TRUE
4117,FALSE
5389,FALSE
1697,TRUE
3644,FALSE
1695,FALSE
1694,TRUE
236,TRUE
5150,TRUE
6060,FALSE
3412,TRUE
123,FALSE
6063,TRUE
4155,FALSE
3464,TRUE
1291,FALSE
263,TRUE
5384,TRUE
1295,TRUE
6037,TRUE
260,FALSE
4147,TRUE
3652,FALSE
3664,TRUE
1714,TRUE
254,TRUE
3400,TRUE
3401,FALSE
6041,TRUE
4014,TRUE
6042,TRUE
1710,FALSE
5152,TRUE
3458,TRUE
6043,FALSE
4140,TRUE
6039,TRUE
1576,TRUE
1672,FALSE
306,TRUE
1571,FALSE
5216,TRUE
184,TRUE
1653,FALSE
5424,TRUE
3673,TRUE
186,FALSE
1251,TRUE
187,TRUE
339,TRUE
1778,TRUE
113,FALSE
3265,TRUE
5982,TRUE
336,FALSE
1777,FALSE
3269,FALSE
1655,TRUE
1776,FALSE
3511,TRUE
1253,TRUE
188,TRUE
3273,TRUE
1652,TRUE
4004,TRUE
3677,TRUE
3249,FALSE
3228,TRUE
5962,FALSE
365,FALSE
3532,TRUE
4059,FALSE
5966,FALSE
5429,FALSE
135,FALSE
3526,TRUE
1799,FALSE
1371,FALSE
332,TRUE
4061,FALSE
6107,FALSE
4002,TRUE
1331,FALSE
355,TRUE
3631,FALSE
4125,TRUE
5971,TRUE
3678,FALSE
1794,FALSE
3520,TRUE
5427,TRUE
5969,FALSE
5430,FALSE
3275,FALSE
5984,FALSE
4017,TRUE
5167,FALSE
4016,FALSE
4214,TRUE
4213,FALSE
5204,FALSE
5337,FALSE
3310,TRUE
4085,FALSE
3491,TRUE
3312,FALSE
1269,TRUE
310,FALSE
5164,TRUE
4207,FALSE
1752,TRUE
3488,TRUE
4205,TRUE
1322,TRUE
210,FALSE
3320,TRUE
5161,TRUE
6007,TRUE
3498,TRUE
4080,TRUE
3304,TRUE
6116,TRUE
1330,TRUE
3277,TRUE
1254,FALSE
3671,TRUE
4229,TRUE
1768,FALSE
1329,TRUE
325,TRUE
5377,FALSE
3286,TRUE
5169,FALSE
5172,TRUE
5997,FALSE
3292,TRUE
6074,FALSE
3294,TRUE
3295,TRUE
3502,FALSE
4220,FALSE
5417,TRUE
5414,TRUE
5999,FALSE
3301,FALSE
1267,FALSE
4226,TRUE
4770,TRUE
4982,TRUE
472,TRUE
2603,FALSE
4605,TRUE
2605,FALSE
4604,FALSE
1025,TRUE
1446,FALSE
1027,TRUE
2610,TRUE
2611,TRUE
2612,FALSE
4602,FALSE
3906,TRUE
6157,TRUE
2616,TRUE
42,FALSE
2619,TRUE
5718,TRUE
4599,FALSE
737,TRUE
5720,TRUE
2629,FALSE
1440,TRUE
729,TRUE
2156,TRUE
2154,FALSE
4589,FALSE
1438,TRUE
1024,TRUE
4611,FALSE
5713,TRUE
2596,TRUE
4645,TRUE
2541,FALSE
1489,TRUE
2546,FALSE
3826,FALSE
788,FALSE
1011,TRUE
4844,TRUE
785,TRUE
2197,TRUE
2555,TRUE
5558,TRUE
5693,TRUE
4583,FALSE
774,TRUE
1491,TRUE
2567,TRUE
769,FALSE
4623,TRUE
4621,TRUE
2182,FALSE
764,TRUE
2578,FALSE
3820,TRUE
5703,FALSE
757,TRUE
3819,FALSE
2171,FALSE
4845,FALSE
2539,TRUE
1437,TRUE
5312,FALSE
4882,TRUE
693,FALSE
4551,TRUE
5887,TRUE
2126,FALSE
4887,FALSE
2124,TRUE
2696,FALSE
1504,FALSE
686,FALSE
2699,TRUE
1435,TRUE
1046,TRUE
2704,FALSE
2117,FALSE
681,FALSE
680,FALSE
3796,TRUE
2711,TRUE
5754,FALSE
2112,FALSE
3795,TRUE
4537,TRUE
2721,TRUE
1507,TRUE
2104,TRUE
3919,TRUE
697,TRUE
2133,FALSE
2682,FALSE
4559,TRUE
6149,TRUE
714,FALSE
1034,FALSE
2650,TRUE
4578,TRUE
4575,TRUE
710,TRUE
4875,TRUE
1036,FALSE
1038,TRUE
4572,FALSE
4876,TRUE
2662,TRUE
3806,FALSE
706,TRUE
1039,FALSE
5263,TRUE
705,TRUE
5736,FALSE
2670,FALSE
4562,FALSE
4561,TRUE
51,TRUE
1041,TRUE
5262,TRUE
699,FALSE
2679,TRUE
2680,TRUE
2664,FALSE
1008,TRUE
1005,TRUE
4653,TRUE
2391,TRUE
2299,FALSE
948,TRUE
2397,TRUE
2399,TRUE
2401,TRUE
4791,TRUE
5622,TRUE
950,TRUE
951,FALSE
953,FALSE
4734,TRUE
2286,FALSE
2412,TRUE
1469,TRUE
881,TRUE
2417,FALSE
2282,FALSE
957,TRUE
2280,FALSE
6,TRUE
4724,TRUE
2426,FALSE
870,FALSE
2428,TRUE
868,FALSE
2434,FALSE
903,TRUE
905,FALSE
2303,TRUE
942,TRUE
932,TRUE
5598,FALSE
5604,FALSE
2345,FALSE
3,FALSE
3879,FALSE
2330,TRUE
3861,FALSE
4775,TRUE
2358,FALSE
3859,FALSE
2322,FALSE
2361,FALSE
4719,TRUE
2363,FALSE
4752,TRUE
4780,FALSE
918,FALSE
4783,TRUE
2371,TRUE
2372,FALSE
916,FALSE
2314,FALSE
2375,FALSE
4784,FALSE
2310,FALSE
2380,TRUE
910,FALSE
4779,FALSE
4718,TRUE
1472,TRUE
5589,TRUE
2240,FALSE
4687,TRUE
3840,FALSE
2490,FALSE
2491,TRUE
2492,FALSE
2239,FALSE
5572,TRUE
1453,FALSE
5666,TRUE
2503,TRUE
814,TRUE
5300,TRUE
2486,TRUE
994,TRUE
996,TRUE
5274,FALSE
2224,TRUE
5565,TRUE
6175,TRUE
1001,FALSE
2519,TRUE
3833,FALSE
4660,TRUE
2525,TRUE
3895,TRUE
5683,TRUE
4839,FALSE
812,TRUE
1055,TRUE
2241,TRUE
4693,TRUE
5637,FALSE
5640,TRUE
2444,TRUE
968,FALSE
4806,FALSE
855,TRUE
5586,TRUE
4811,FALSE
2454,TRUE
848,TRUE
2456,FALSE
845,FALSE
4815,TRUE
3842,TRUE
5279,TRUE
2259,FALSE
4817,TRUE
4703,FALSE
2254,FALSE
4700,TRUE
2253,TRUE
4698,TRUE
5581,TRUE
4696,TRUE
1477,FALSE
5579,TRUE
987,FALSE
6178,FALSE
2461,TRUE
3921,TRUE
2692,FALSE
2097,FALSE
1997,TRUE
1994,TRUE
562,TRUE
3750,FALSE
2912,FALSE
3749,FALSE
5837,FALSE
558,FALSE
1988,TRUE
1987,TRUE
1986,TRUE
5490,FALSE
1982,FALSE
1420,TRUE
2929,TRUE
6139,TRUE
1977,TRUE
4960,TRUE
1975,TRUE
3745,FALSE
4408,FALSE
4964,TRUE
541,TRUE
3742,FALSE
4965,TRUE
2905,TRUE
4425,FALSE
4426,FALSE
4429,TRUE
6143,FALSE
5825,TRUE
2865,FALSE
1525,TRUE
66,FALSE
1423,TRUE
2870,FALSE
580,FALSE
2874,FALSE
4942,FALSE
67,FALSE
4445,FALSE
539,TRUE
2016,TRUE
5502,FALSE
4439,FALSE
1120,TRUE
6142,TRUE
2884,TRUE
1121,TRUE
2010,TRUE
2098,TRUE
4946,TRUE
4431,TRUE
2897,FALSE
1126,TRUE
576,TRUE
2947,TRUE
4967,TRUE
538,FALSE
3728,TRUE
1165,FALSE
3006,FALSE
1928,FALSE
3008,FALSE
1927,FALSE
3724,TRUE
3012,FALSE
90,FALSE
5001,TRUE
5875,TRUE
1919,FALSE
4994,FALSE
3020,TRUE
3022,TRUE
1173,TRUE
3024,TRUE
1544,FALSE
483,TRUE
1174,FALSE
3971,TRUE
478,TRUE
1913,FALSE
1178,FALSE
5465,TRUE
1908,TRUE
4360,FALSE
4455,FALSE
4990,TRUE
1161,TRUE
1147,FALSE
4396,TRUE
77,TRUE
1962,TRUE
2955,TRUE
1149,TRUE
2958,TRUE
3739,TRUE
530,TRUE
4976,TRUE
2963,TRUE
5316,FALSE
1939,TRUE
2966,TRUE
1534,FALSE
2969,TRUE
1953,TRUE
4979,FALSE
1159,TRUE
4382,FALSE
2980,TRUE
3954,TRUE
1944,TRUE
4985,FALSE
1418,TRUE
2992,FALSE
1152,TRUE
2024,TRUE
2007,TRUE
5353,TRUE
5516,TRUE
2807,TRUE
2764,FALSE
2810,FALSE
1092,TRUE
1069,FALSE
3771,FALSE
61,TRUE
1519,TRUE
4489,TRUE
4926,TRUE
3768,TRUE
2760,TRUE
1066,FALSE
645,TRUE
5810,FALSE
607,FALSE
1094,FALSE
4514,TRUE
5813,FALSE
2761,FALSE
2086,TRUE
2055,TRUE
628,TRUE
5526,TRUE
2071,TRUE
3779,TRUE
4913,TRUE
5523,FALSE
4911,TRUE
2782,FALSE
2785,TRUE
2786,TRUE
1072,TRUE
2075,TRUE
650,TRUE
2060,FALSE
3775,TRUE
4921,TRUE
5796,TRUE
4495,TRUE
630,FALSE
4491,FALSE
5797,FALSE
3759,TRUE
4476,TRUE
2823,TRUE
2752,FALSE
2843,FALSE
4465,TRUE
2087,TRUE
2031,TRUE
2093,TRUE
590,TRUE
1433,FALSE
1100,TRUE
4462,TRUE
4936,FALSE
2854,TRUE
1434,FALSE
2855,TRUE
4458,TRUE
5530,FALSE
1523,FALSE
2030,TRUE
3763,FALSE
1513,FALSE
2777,FALSE
5770,TRUE
2839,TRUE
1098,FALSE
2745,TRUE
4903,TRUE
3939,TRUE
2748,TRUE
2747,FALSE
1520,TRUE
4472,TRUE
6144,TRUE
602,TRUE
1096,FALSE
2750,TRUE
2838,FALSE
3925,TRUE
1064,FALSE
3875,FALSE
1410,FALSE
1407,FALSE
516,TRUE
1353,FALSE
2076,FALSE
5783,FALSE
3866,FALSE
5102,TRUE
437,TRUE
2132,TRUE
2329,FALSE
6094,TRUE
3027,FALSE
3624,FALSE
5620,FALSE
1941,FALSE
885,FALSE
5287,FALSE
5544,FALSE
3271,TRUE
448,TRUE
3708,TRUE
871,TRUE
2983,FALSE
4617,TRUE
5407,TRUE
3372,TRUE
5435,TRUE
3933,TRUE
1319,FALSE
4834,TRUE
4953,TRUE
1478,TRUE
6051,TRUE
4640,FALSE
5661,FALSE
2470,FALSE
4401,TRUE
6128,TRUE
5149,FALSE
796,TRUE
1698,FALSE
179,TRUE
3163,TRUE
2185,TRUE
3345,TRUE
5441,TRUE
3439,TRUE
5301,TRUE
3898,TRUE
4013,FALSE
3899,TRUE
3936,FALSE
4015,TRUE
5350,TRUE
6119,FALSE
6145,FALSE
5222,FALSE
3881,TRUE
6112,TRUE
5200,FALSE
5248,FALSE
5259,TRUE
5288,TRUE
3972,FALSE
3903,FALSE
3904,FALSE
6164,FALSE
6124,TRUE
3917,TRUE
6156,FALSE
5281,FALSE
5273,TRUE
3915,TRUE
3953,TRUE
4008,FALSE
3952,TRUE
3928,TRUE
5227,TRUE
3980,TRUE
3930,FALSE
3887,TRUE
5238,FALSE
4010,FALSE
3926,TRUE
3979,TRUE
6148,TRUE
3958,TRUE
6133,FALSE
5298,TRUE
5286,FALSE
4005,FALSE
5233,TRUE
3882,TRUE
5229,TRUE
3976,TRUE
5335,TRUE
3977,FALSE
5226,TRUE
3948,FALSE
5317,TRUE
3987,TRUE
4019,TRUE
5220,TRUE
6134,TRUE
5266,TRUE
4319,FALSE
4028,TRUE
5792,TRUE
5789,TRUE
4920,TRUE
4915,FALSE
4908,FALSE
4512,FALSE
5772,TRUE
5771,TRUE
4519,TRUE
5766,TRUE
5765,FALSE
4522,FALSE
4526,TRUE
5794,TRUE
4897,FALSE
4531,FALSE
4532,TRUE
4535,TRUE
5759,FALSE
5757,FALSE
5540,TRUE
4547,FALSE
4548,FALSE
5737,TRUE
4879,TRUE
4566,FALSE
5293,TRUE
4873,FALSE
4530,FALSE
4497,TRUE
4922,TRUE
4486,FALSE
4963,TRUE
4961,TRUE
4410,TRUE
4413,TRUE
5843,FALSE
5495,FALSE
4419,TRUE
4421,TRUE
4433,FALSE
4434,FALSE
5831,TRUE
5827,TRUE
4447,TRUE
5826,TRUE
4940,TRUE
5503,FALSE
5505,TRUE
5506,FALSE
4459,FALSE
4934,FALSE
5817,FALSE
5509,FALSE
5815,TRUE
4473,FALSE
4474,TRUE
5807,TRUE
4478,FALSE
4481,FALSE
4482,FALSE
5734,TRUE
4399,TRUE
4580,TRUE
4582,TRUE
5657,TRUE
5656,TRUE
5655,FALSE
4821,FALSE
4820,TRUE
5650,FALSE
4707,TRUE
5585,TRUE
4803,TRUE
5639,FALSE
5632,TRUE
4720,TRUE
4728,TRUE
5660,TRUE
5629,FALSE
5596,TRUE
4786,TRUE
4778,TRUE
4776,TRUE
4757,TRUE
4758,FALSE
4772,TRUE
4763,FALSE
4764,TRUE
5605,TRUE
4767,TRUE
5599,TRUE
4771,FALSE
4796,FALSE
5663,FALSE
4678,FALSE
4677,FALSE
4586,TRUE
5722,TRUE
4594,FALSE
4598,TRUE
4862,FALSE
5551,TRUE
5553,FALSE
4603,FALSE
4610,FALSE
4612,TRUE
4613,TRUE
5708,TRUE
4619,TRUE
4624,TRUE
4847,FALSE
4630,TRUE
5694,FALSE
5560,FALSE
4842,TRUE
5689,TRUE
5687,FALSE
5686,TRUE
5684,FALSE
4836,FALSE
4835,FALSE
5682,TRUE
4832,TRUE
5566,TRUE
4830,TRUE
5730,FALSE
4023,TRUE
4393,TRUE
5480,FALSE
5395,FALSE
4131,TRUE
4137,TRUE
4139,TRUE
5126,TRUE
4144,FALSE
6038,TRUE
6032,FALSE
6029,TRUE
4161,TRUE
5400,FALSE
6027,TRUE
6025,TRUE
5145,FALSE
6023,TRUE
6012,TRUE
5108,TRUE
4196,FALSE
4199,TRUE
4200,FALSE
4203,FALSE
6004,TRUE
5412,FALSE
5420,TRUE
5095,FALSE
5422,TRUE
5981,TRUE
5976,FALSE
5408,TRUE
4119,TRUE
4113,TRUE
6057,TRUE
6101,FALSE
6100,FALSE
6096,FALSE
4032,TRUE
6093,FALSE
4038,FALSE
5361,TRUE
4043,TRUE
5183,TRUE
6088,TRUE
5372,TRUE
4052,TRUE
4053,FALSE
5179,TRUE
4054,TRUE
6086,TRUE
5376,TRUE
4063,TRUE
5173,TRUE
6072,TRUE
5378,TRUE
4084,FALSE
6069,TRUE
4088,TRUE
5159,TRUE
6065,TRUE
6062,FALSE
4102,FALSE
4109,FALSE
4236,TRUE
5848,TRUE
5082,FALSE
5077,FALSE
5459,TRUE
5021,FALSE
4339,FALSE
4344,FALSE
5888,TRUE
5884,FALSE
5882,TRUE
5880,FALSE
5005,TRUE
5877,TRUE
5876,TRUE
4366,TRUE
4998,TRUE
5896,TRUE
4370,TRUE
4996,TRUE
5871,FALSE
5870,TRUE
5868,TRUE
4992,FALSE
5865,FALSE
5864,TRUE
5862,FALSE
5857,TRUE
4381,TRUE
5478,TRUE
5851,TRUE
4390,FALSE
5873,TRUE
5023,TRUE
4328,TRUE
4325,TRUE
5075,FALSE
4241,TRUE
5970,TRUE
5067,TRUE
4251,TRUE
4254,FALSE
4263,TRUE
5434,TRUE
5944,FALSE
5940,TRUE
5054,FALSE
5440,TRUE
4281,TRUE
4285,TRUE
5046,TRUE
5925,TRUE
4289,FALSE
4290,TRUE
5045,TRUE
4296,FALSE
4297,FALSE
4298,TRUE
5922,TRUE
5443,TRUE
5034,FALSE
4314,FALSE
5029,FALSE
5025,TRUE
5453,TRUE
5425,TRUE
5292,TRUE
3092,TRUE
1018,TRUE
863,TRUE
3101,TRUE
864,TRUE
2459,TRUE
866,FALSE
3090,FALSE
1611,TRUE
1607,FALSE
3087,TRUE
873,TRUE
3085,FALSE
3084,TRUE
3082,TRUE
886,TRUE
3081,TRUE
2452,FALSE
859,TRUE
2451,FALSE
1617,FALSE
815,FALSE
2435,TRUE
3144,FALSE
1634,TRUE
819,TRUE
3136,TRUE
3132,FALSE
3078,TRUE
820,TRUE
825,TRUE
829,FALSE
830,TRUE
835,TRUE
3112,FALSE
841,FALSE
843,TRUE
2438,FALSE
3074,TRUE
1606,TRUE
894,TRUE
944,FALSE
956,TRUE
963,TRUE
3015,FALSE
2476,TRUE
1588,TRUE
3010,TRUE
3021,TRUE
3009,FALSE
2989,TRUE
2483,TRUE
2986,FALSE
1577,TRUE
1572,TRUE
2984,TRUE
2488,FALSE
2995,TRUE
806,FALSE
941,FALSE
2469,FALSE
896,FALSE
902,TRUE
904,FALSE
909,TRUE
911,TRUE
2465,TRUE
3057,FALSE
3028,TRUE
914,TRUE
3054,TRUE
921,TRUE
925,FALSE
926,TRUE
3048,FALSE
928,FALSE
3037,FALSE
3056,TRUE
990,TRUE
1644,FALSE
3160,TRUE
671,TRUE
2365,TRUE
675,TRUE
678,TRUE
682,TRUE
2368,FALSE
3289,FALSE
2638,TRUE
696,TRUE
3266,TRUE
1683,TRUE
703,TRUE
716,FALSE
3255,TRUE
3253,FALSE
1700,TRUE
3300,FALSE
2359,TRUE
3306,TRUE
638,TRUE
3337,TRUE
640,TRUE
3331,FALSE
641,TRUE
642,FALSE
2346,FALSE
3247,FALSE
652,FALSE
1707,FALSE
1703,FALSE
3315,TRUE
3309,TRUE
2352,FALSE
3308,TRUE
2354,TRUE
2347,FALSE
3245,TRUE
3241,TRUE
3240,TRUE
762,TRUE
1662,TRUE
2415,TRUE
2419,FALSE
773,FALSE
787,TRUE
789,FALSE
3195,TRUE
1656,TRUE
791,FALSE
792,FALSE
3172,TRUE
3171,FALSE
795,TRUE
800,FALSE
1646,TRUE
3173,FALSE
2431,TRUE
3196,FALSE
3199,FALSE
724,TRUE
3227,TRUE
3223,TRUE
3222,TRUE
2379,TRUE
3219,FALSE
2382,TRUE
1664,FALSE
741,TRUE
1669,FALSE
3205,FALSE
750,TRUE
2393,TRUE
2396,TRUE
755,FALSE
759,TRUE
1671,TRUE
3340,TRUE
991,TRUE
1561,TRUE
2743,FALSE
2741,TRUE
2740,FALSE
1460,FALSE
1268,FALSE
1273,TRUE
1278,TRUE
2572,TRUE
2730,FALSE
1281,TRUE
2573,TRUE
1302,TRUE
2725,TRUE
1454,TRUE
1304,TRUE
2749,TRUE
1264,TRUE
1463,TRUE
2765,FALSE
2563,TRUE
1473,TRUE
2797,TRUE
1221,FALSE
2564,FALSE
1467,TRUE
1238,FALSE
1451,TRUE
1240,FALSE
2779,TRUE
1465,TRUE
1246,FALSE
1249,TRUE
2774,FALSE
1255,TRUE
2767,TRUE
1244,FALSE
1308,TRUE
2716,TRUE
1309,TRUE
1427,FALSE
1352,FALSE
2617,TRUE
1426,TRUE
2667,FALSE
1404,FALSE
1401,FALSE
1436,FALSE
1399,TRUE
2654,TRUE
2630,TRUE
1374,TRUE
2631,TRUE
1379,TRUE
1388,FALSE
2636,TRUE
1367,FALSE
2799,TRUE
2608,FALSE
2606,FALSE
1450,TRUE
1447,TRUE
2709,TRUE
2588,TRUE
2591,TRUE
2702,TRUE
1444,TRUE
2674,TRUE
1324,FALSE
2599,TRUE
1333,TRUE
2602,FALSE
1338,FALSE
1344,FALSE
1442,TRUE
2604,TRUE
2697,FALSE
992,TRUE
2805,FALSE
2808,TRUE
2932,TRUE
1040,FALSE
1047,TRUE
1537,FALSE
2511,FALSE
2914,TRUE
1051,TRUE
1533,TRUE
2512,FALSE
1070,TRUE
1071,TRUE
2901,TRUE
1074,FALSE
2900,TRUE
1079,FALSE
2933,FALSE
1033,FALSE
2507,TRUE
1030,FALSE
2495,TRUE
2960,TRUE
2954,TRUE
2952,FALSE
1010,TRUE
2951,TRUE
2500,FALSE
2894,FALSE
1014,TRUE
2941,FALSE
2042,TRUE
2939,TRUE
1019,FALSE
2938,TRUE
2505,FALSE
1542,TRUE
1547,TRUE
2891,TRUE
1082,TRUE
1088,TRUE
1154,TRUE
2534,FALSE
1497,TRUE
1179,FALSE
2538,FALSE
2835,TRUE
2834,TRUE
2533,TRUE
2832,FALSE
2544,TRUE
1196,FALSE
1198,TRUE
1200,TRUE
1204,TRUE
1206,TRUE
1479,TRUE
2828,FALSE
1210,TRUE
1151,FALSE
1142,TRUE
1091,FALSE
2521,TRUE
1522,TRUE
1521,FALSE
1110,TRUE
1512,TRUE
1119,TRUE
1150,TRUE
1124,TRUE
1511,TRUE
1127,TRUE
2863,TRUE
2532,FALSE
1503,TRUE
2857,TRUE
2853,TRUE
1125,FALSE
3341,TRUE
1687,TRUE
632,TRUE
1885,TRUE
322,FALSE
3676,TRUE
1880,TRUE
324,FALSE
2168,FALSE
321,TRUE
3660,TRUE
327,TRUE
3645,FALSE
3643,TRUE
3640,FALSE
1868,TRUE
3632,TRUE
1877,FALSE
316,TRUE
312,FALSE
2161,TRUE
2139,TRUE
257,FALSE
3710,TRUE
3709,FALSE
2140,FALSE
262,FALSE
2144,TRUE
1918,TRUE
2155,TRUE
285,FALSE
1898,FALSE
300,TRUE
3690,FALSE
1891,TRUE
3686,TRUE
3627,TRUE
3621,TRUE
3871,TRUE
337,TRUE
1831,TRUE
3549,TRUE
1830,TRUE
2217,TRUE
3544,FALSE
3543,TRUE
383,TRUE
3536,TRUE
385,FALSE
3533,FALSE
1827,FALSE
390,TRUE
2223,TRUE
393,TRUE
3522,FALSE
1840,TRUE
249,TRUE
2207,TRUE
3563,TRUE
3612,FALSE
3611,FALSE
3609,TRUE
2181,TRUE
344,FALSE
1865,TRUE
633,TRUE
1863,FALSE
2186,TRUE
2187,FALSE
361,FALSE
366,TRUE
2199,TRUE
3580,FALSE
3568,TRUE
3557,TRUE
3720,FALSE
3721,TRUE
244,TRUE
94,FALSE
98,TRUE
2077,TRUE
1972,TRUE
3818,TRUE
1968,TRUE
3814,TRUE
2081,TRUE
3812,TRUE
3808,FALSE
115,FALSE
120,TRUE
3801,TRUE
124,TRUE
132,FALSE
2073,TRUE
134,FALSE
82,FALSE
2000,TRUE
2038,TRUE
18,TRUE
2044,TRUE
2049,FALSE
3862,TRUE
2056,FALSE
2057,FALSE
3856,FALSE
2021,FALSE
45,FALSE
3851,TRUE
2019,TRUE
2065,FALSE
2001,TRUE
63,FALSE
71,TRUE
2226,TRUE
136,FALSE
3787,TRUE
218,FALSE
219,TRUE
3738,FALSE
3735,TRUE
2128,FALSE
3734,TRUE
3733,TRUE
225,TRUE
3731,TRUE
1934,TRUE
1933,FALSE
2135,TRUE
233,TRUE
3726,TRUE
243,TRUE
211,TRUE
3789,TRUE
207,TRUE
3756,FALSE
146,TRUE
2101,FALSE
1960,TRUE
1959,TRUE
154,TRUE
162,FALSE
1958,FALSE
169,FALSE
180,TRUE
192,TRUE
2113,FALSE
2120,FALSE
198,FALSE
3762,TRUE
3757,TRUE
2125,FALSE
2229,FALSE
347,TRUE
2317,TRUE
587,FALSE
493,FALSE
1744,FALSE
3376,FALSE
3442,TRUE
3443,TRUE
487,TRUE
484,FALSE
480,FALSE
3447,TRUE
594,FALSE
1747,FALSE
596,TRUE
1789,FALSE
477,FALSE
2320,TRUE
1790,TRUE
3364,FALSE
3454,TRUE
1737,FALSE
3457,TRUE
3460,FALSE
1795,TRUE
470,TRUE
601,FALSE
3383,FALSE
575,FALSE
3434,FALSE
553,TRUE
2301,FALSE
537,TRUE
3406,TRUE
536,FALSE
3411,TRUE
532,TRUE
1770,TRUE
1758,TRUE
2290,TRUE
2285,TRUE
513,TRUE
3390,TRUE
564,TRUE
512,TRUE
1819,FALSE
509,FALSE
567,FALSE
2276,TRUE
3426,TRUE
3430,FALSE
3433,FALSE
3387,TRUE
1753,TRUE
500,TRUE
2265,TRUE
1800,TRUE
3403,TRUE
3505,FALSE
613,FALSE
3492,TRUE
3504,FALSE
1717,TRUE
428,TRUE
1803,TRUE
614,TRUE
3480,FALSE
2323,FALSE
3481,TRUE
435,FALSE
1725,TRUE
1726,TRUE
458,TRUE
449,TRUE
1808,FALSE
1806,FALSE
617,TRUE
2243,FALSE
2260,TRUE
3346,TRUE
2236,TRUE
2238,FALSE
3469,TRUE
416,TRUE
1801,TRUE
610,FALSE
419,FALSE
606,FALSE
457,TRUE
1802,TRUE
409,TRUE
3468,TRUE
3344,FALSE
4933,FALSE
1474,TRUE
1754,TRUE
4977,TRUE
4989,FALSE
1398,FALSE
1682,TRUE
4983,FALSE
1755,TRUE
4980,TRUE
2029,TRUE
5284,TRUE
5285,FALSE
1716,FALSE
1948,FALSE
4988,FALSE
1759,TRUE
1466,TRUE
5325,FALSE
5324,FALSE
1992,TRUE
1963,TRUE
4975,TRUE
1740,TRUE
2005,FALSE
1966,TRUE
1705,TRUE
5154,TRUE
5137,TRUE
5130,TRUE
4966,FALSE
1995,FALSE
4958,FALSE
1983,TRUE
5304,FALSE
1734,TRUE
5305,TRUE
5307,FALSE
5306,FALSE
1702,TRUE
1685,FALSE
2009,TRUE
5115,TRUE
1462,TRUE
5123,FALSE
1461,FALSE
1686,TRUE
1748,FALSE
1689,TRUE
5295,TRUE
1964,TRUE
5117,FALSE
1715,TRUE
5146,TRUE
5296,TRUE
1412,TRUE
1711,TRUE
1696,TRUE
5299,TRUE
4968,TRUE
5059,TRUE
4997,TRUE
1675,TRUE
1564,TRUE
1860,TRUE
5186,TRUE
1554,TRUE
1632,TRUE
5228,FALSE
5182,FALSE
1549,TRUE
1867,TRUE
1792,FALSE
1635,FALSE
1871,TRUE
1639,FALSE
1791,TRUE
1540,FALSE
5079,TRUE
1647,FALSE
5022,TRUE
5236,TRUE
1568,FALSE
5036,TRUE
1627,FALSE
1858,TRUE
5060,TRUE
1826,TRUE
1816,FALSE
5055,TRUE
1814,TRUE
1603,TRUE
1597,TRUE
5192,FALSE
5063,FALSE
1536,FALSE
5065,TRUE
1595,TRUE
1592,FALSE
5205,FALSE
1849,TRUE
1615,TRUE
1850,FALSE
5210,TRUE
1578,TRUE
5040,FALSE
1842,TRUE
1475,FALSE
1783,TRUE
1888,TRUE
5261,TRUE
1920,TRUE
5092,TRUE
1666,TRUE
1775,FALSE
1502,FALSE
4995,TRUE
1494,FALSE
1771,TRUE
1492,FALSE
1935,TRUE
5271,TRUE
5160,TRUE
5096,TRUE
1490,FALSE
1484,FALSE
5097,TRUE
1476,TRUE
1937,TRUE
1506,TRUE
1508,TRUE
5258,TRUE
5254,FALSE
1527,FALSE
1890,TRUE
5086,TRUE
1526,FALSE
5246,TRUE
1893,FALSE
1780,FALSE
1899,TRUE
5247,TRUE
1650,FALSE
1658,TRUE
5011,FALSE
5249,TRUE
5010,FALSE
5009,TRUE
1905,FALSE
1661,TRUE
5252,TRUE
5089,TRUE
1779,TRUE
5170,TRUE
1392,TRUE
3869,TRUE
5330,TRUE
436,FALSE
5907,FALSE
441,FALSE
442,FALSE
452,TRUE
5894,TRUE
455,TRUE
456,TRUE
5889,FALSE
468,FALSE
5886,FALSE
473,FALSE
5883,TRUE
476,FALSE
5881,FALSE
479,TRUE
5878,FALSE
5911,FALSE
5915,TRUE
5917,FALSE
5918,TRUE
5955,TRUE
377,FALSE
378,TRUE
5952,TRUE
5951,TRUE
5950,TRUE
382,TRUE
5947,TRUE
489,FALSE
5945,FALSE
389,TRUE
392,TRUE
397,FALSE
5933,FALSE
399,TRUE
403,TRUE
417,TRUE
424,FALSE
387,TRUE
374,FALSE
494,TRUE
501,FALSE
609,FALSE
5808,TRUE
5805,TRUE
5803,FALSE
623,TRUE
625,TRUE
5795,FALSE
635,FALSE
5786,TRUE
647,FALSE
5781,TRUE
5780,FALSE
5776,FALSE
653,FALSE
655,TRUE
5773,TRUE
661,TRUE
5812,TRUE
605,TRUE
5814,TRUE
592,FALSE
505,FALSE
508,TRUE
510,TRUE
515,TRUE
520,TRUE
522,FALSE
5852,FALSE
5849,TRUE
495,FALSE
5844,TRUE
560,TRUE
5836,TRUE
565,TRUE
5832,TRUE
574,TRUE
577,TRUE
584,FALSE
589,TRUE
5838,TRUE
662,TRUE
362,FALSE
5967,FALSE
6118,FALSE
6117,FALSE
118,FALSE
119,FALSE
139,FALSE
147,FALSE
6099,TRUE
6097,FALSE
6095,FALSE
153,FALSE
6090,FALSE
168,TRUE
6084,TRUE
182,TRUE
6079,TRUE
6078,TRUE
196,TRUE
109,FALSE
107,TRUE
6123,TRUE
106,TRUE
9,TRUE
6180,TRUE
21,FALSE
27,TRUE
6169,TRUE
6168,FALSE
33,TRUE
39,FALSE
199,FALSE
6154,FALSE
49,TRUE
50,TRUE
53,FALSE
65,TRUE
80,FALSE
88,FALSE
6132,TRUE
6126,TRUE
46,TRUE
5965,FALSE
203,TRUE
6066,TRUE
311,FALSE
6002,FALSE
5996,TRUE
5994,FALSE
5993,TRUE
5991,TRUE
5990,FALSE
328,FALSE
5987,TRUE
329,TRUE
334,FALSE
341,TRUE
345,FALSE
5974,TRUE
352,FALSE
356,FALSE
360,FALSE
309,FALSE
307,FALSE
303,FALSE
299,TRUE
222,TRUE
228,TRUE
6055,TRUE
6054,FALSE
6053,TRUE
242,FALSE
247,TRUE
252,TRUE
6070,FALSE
6040,FALSE
266,FALSE
6033,FALSE
267,TRUE
6030,FALSE
275,FALSE
283,FALSE
284,FALSE
6021,TRUE
261,TRUE
5769,FALSE
665,TRUE
5767,TRUE
5466,FALSE
1188,FALSE
1190,TRUE
1192,TRUE
1193,TRUE
1208,TRUE
5448,FALSE
5447,TRUE
5446,TRUE
5444,TRUE
1212,TRUE
5442,FALSE
1214,FALSE
1222,TRUE
1223,FALSE
5437,FALSE
1224,TRUE
1167,FALSE
1166,TRUE
1157,TRUE
1153,FALSE
1062,FALSE
5522,TRUE
1081,TRUE
5513,TRUE
1099,TRUE
5508,FALSE
1102,FALSE
1109,FALSE
1235,FALSE
1111,TRUE
5498,TRUE
5496,TRUE
1132,TRUE
5493,TRUE
5492,TRUE
1133,TRUE
5489,TRUE
1137,TRUE
5501,FALSE
1061,TRUE
5426,TRUE
5416,TRUE
5363,TRUE
5362,TRUE
1349,TRUE
5360,FALSE
1355,FALSE
5355,FALSE
1358,FALSE
1359,FALSE
1362,TRUE
1364,TRUE
1368,TRUE
5344,TRUE
1373,TRUE
5341,TRUE
1386,FALSE
5332,FALSE
1389,TRUE
1346,TRUE
5366,TRUE
1337,FALSE
5370,FALSE
1265,TRUE
5413,FALSE
1274,TRUE
1280,FALSE
1282,TRUE
1283,FALSE
5394,TRUE
1303,TRUE
1260,TRUE
1305,FALSE
1313,TRUE
1316,TRUE
5382,TRUE
1318,FALSE
1326,TRUE
1328,TRUE
1332,TRUE
1334,TRUE
5386,TRUE
1059,TRUE
1050,TRUE
1049,TRUE
761,FALSE
768,TRUE
5698,FALSE
770,TRUE
777,TRUE
782,TRUE
5691,TRUE
790,TRUE
794,FALSE
804,TRUE
5681,TRUE
805,TRUE
5679,FALSE
811,FALSE
5673,FALSE
5671,FALSE
818,FALSE
756,TRUE
751,FALSE
5711,TRUE
748,TRUE
666,TRUE
5762,FALSE
672,TRUE
673,TRUE
679,TRUE
684,TRUE
5747,TRUE
689,TRUE
821,TRUE
692,TRUE
700,TRUE
718,TRUE
5727,FALSE
5725,FALSE
734,TRUE
5721,TRUE
5719,FALSE
742,FALSE
5738,TRUE
5659,FALSE
827,TRUE
838,FALSE
981,TRUE
5578,FALSE
5576,FALSE
5575,TRUE
986,TRUE
998,FALSE
999,TRUE
5564,TRUE
979,FALSE
1002,TRUE
5559,TRUE
1016,TRUE
1029,TRUE
5552,TRUE
5550,FALSE
1037,TRUE
5541,FALSE
1048,TRUE
5562,FALSE
5329,FALSE
973,TRUE
969,TRUE
842,TRUE
5646,FALSE
850,FALSE
857,TRUE
862,TRUE
5635,TRUE
5634,TRUE
5631,TRUE
972,TRUE
872,FALSE
5614,FALSE
5600,TRUE
929,FALSE
930,TRUE
955,FALSE
961,TRUE
964,TRUE
967,FALSE
887,FALSE
4931,TRUE
5028,FALSE
6184,TRUE
4098,TRUE
4549,TRUE
2694,TRUE
4097,TRUE
4552,FALSE
4095,TRUE
2689,FALSE
4092,FALSE
3474,FALSE
4557,TRUE
3476,FALSE
2677,TRUE
4563,TRUE
4565,TRUE
3466,TRUE
3485,TRUE
3493,FALSE
2660,FALSE
3500,TRUE
2651,TRUE
3507,TRUE
3509,FALSE
3514,TRUE
4070,TRUE
2643,TRUE
2642,TRUE
3518,TRUE
2639,TRUE
4592,TRUE
2627,FALSE
3487,TRUE
2626,FALSE
3461,TRUE
2714,TRUE
4503,TRUE
4134,FALSE
4504,TRUE
3419,FALSE
4508,TRUE
4510,FALSE
2762,TRUE
3424,FALSE
2755,TRUE
2742,TRUE
4124,TRUE
4123,FALSE
4121,FALSE
4525,FALSE
2707,TRUE
2731,TRUE
2728,FALSE
4116,TRUE
3445,FALSE
3446,TRUE
3449,TRUE
4110,FALSE
2727,TRUE
3453,TRUE
4106,TRUE
2722,FALSE
2720,FALSE
2718,TRUE
2715,TRUE
4540,FALSE
2729,TRUE
4596,TRUE
4066,TRUE
4065,TRUE
4657,TRUE
4035,TRUE
3592,TRUE
3596,FALSE
2527,FALSE
2524,TRUE
2522,FALSE
4662,TRUE
4663,TRUE
2517,TRUE
4667,TRUE
2515,FALSE
4669,TRUE
3597,TRUE
2531,FALSE
3599,FALSE
3607,FALSE
4675,TRUE
2508,TRUE
4683,TRUE
4684,TRUE
4689,TRUE
3639,TRUE
3650,TRUE
3658,TRUE
3659,TRUE
4690,TRUE
2484,TRUE
3666,TRUE
4003,TRUE
3600,FALSE
4655,FALSE
4654,TRUE
4652,TRUE
2622,TRUE
2613,TRUE
4280,FALSE
4608,TRUE
4609,FALSE
3530,TRUE
2587,TRUE
2583,FALSE
4618,FALSE
2582,FALSE
3537,TRUE
4622,FALSE
2571,TRUE
2568,TRUE
4627,TRUE
4628,TRUE
4051,TRUE
4649,TRUE
4648,TRUE
3588,FALSE
3586,FALSE
4647,TRUE
4644,TRUE
3414,FALSE
4642,TRUE
2559,TRUE
3564,TRUE
4635,TRUE
4046,FALSE
4633,TRUE
2566,FALSE
2557,TRUE
4000,TRUE
2789,TRUE
3413,TRUE
4321,FALSE
3099,TRUE
3096,TRUE
3088,TRUE
4327,TRUE
4329,TRUE
3214,TRUE
4337,TRUE
3235,FALSE
3067,TRUE
4343,TRUE
3059,TRUE
4346,TRUE
3257,TRUE
3103,FALSE
4349,TRUE
3053,TRUE
3052,TRUE
3264,FALSE
4353,TRUE
3040,TRUE
4361,TRUE
3274,TRUE
3018,TRUE
3288,TRUE
3290,TRUE
4368,TRUE
2993,TRUE
2987,TRUE
3296,FALSE
4234,TRUE
4376,TRUE
3212,TRUE
3208,FALSE
3170,FALSE
3169,TRUE
3167,FALSE
3177,TRUE
3162,FALSE
3157,TRUE
3156,TRUE
3153,TRUE
3181,FALSE
3183,FALSE
4293,TRUE
3184,TRUE
3147,TRUE
3143,TRUE
3104,TRUE
3185,FALSE
3125,TRUE
3124,TRUE
3119,TRUE
3118,TRUE
3116,FALSE
4262,TRUE
3114,TRUE
4260,TRUE
3110,FALSE
3204,FALSE
3107,FALSE
4258,FALSE
4257,TRUE
3207,TRUE
3188,FALSE
4222,FALSE
4379,TRUE
3297,FALSE
4442,FALSE
3349,TRUE
4443,TRUE
2872,TRUE
2869,FALSE
2868,TRUE
2867,FALSE
3351,FALSE
4452,FALSE
3361,FALSE
3365,FALSE
2860,FALSE
4164,TRUE
2850,FALSE
3348,TRUE
3378,TRUE
4466,TRUE
4467,FALSE
4469,FALSE
2833,TRUE
3389,FALSE
2822,TRUE
3391,FALSE
4480,TRUE
3395,TRUE
3404,TRUE
2809,TRUE
4487,TRUE
2798,TRUE
4494,FALSE
2848,FALSE
4181,TRUE
2885,TRUE
2888,FALSE
3298,TRUE
3299,FALSE
4385,FALSE
2965,TRUE
2959,TRUE
3305,TRUE
3307,FALSE
4395,FALSE
4212,FALSE
4209,TRUE
2940,TRUE
4406,FALSE
2936,FALSE
2935,TRUE
4202,TRUE
2930,TRUE
3324,FALSE
4184,TRUE
2896,FALSE
4428,FALSE
4427,FALSE
3328,FALSE
2908,TRUE
2790,TRUE
2909,FALSE
2911,TRUE
2913,FALSE
4418,TRUE
2915,TRUE
2917,FALSE
2921,FALSE
4197,TRUE
4695,FALSE
4606,FALSE
2249,FALSE
3765,TRUE
3938,TRUE
3937,TRUE
3766,FALSE
4805,TRUE
2270,TRUE
3767,FALSE
4810,FALSE
4813,FALSE
3932,FALSE
3773,FALSE
3940,FALSE
4816,TRUE
2258,TRUE
4818,FALSE
3929,TRUE
3777,TRUE
3778,TRUE
2235,FALSE
4828,FALSE
2222,TRUE
3780,TRUE
2216,TRUE
2215,TRUE
3776,FALSE
3784,TRUE
2274,TRUE
2287,FALSE
2350,TRUE
2349,TRUE
2348,TRUE
2344,TRUE
3964,TRUE
2343,TRUE
3729,TRUE
2335,TRUE
2333,FALSE
3962,FALSE
3730,FALSE
3764,FALSE
2326,FALSE
3960,TRUE
3732,FALSE
4782,TRUE
2312,TRUE
3743,TRUE
2311,FALSE
4788,TRUE
3748,TRUE
3753,TRUE
2295,TRUE
2292,FALSE
2324,TRUE
4759,FALSE
2213,FALSE
2202,TRUE
4886,FALSE
2123,TRUE
2122,TRUE
3892,FALSE
3832,FALSE
2115,TRUE
2109,TRUE
4895,TRUE
2106,FALSE
2102,TRUE
4899,FALSE
3893,FALSE
3849,TRUE
2090,TRUE
4904,TRUE
2084,TRUE
2070,TRUE
2068,TRUE
4918,TRUE
2064,TRUE
3876,FALSE
3867,FALSE
3868,TRUE
2043,TRUE
2095,TRUE
2212,TRUE
4880,TRUE
3894,TRUE
3790,FALSE
3794,TRUE
3914,FALSE
4849,TRUE
3804,TRUE
3805,TRUE
2178,FALSE
2177,TRUE
4856,TRUE
2169,TRUE
4859,TRUE
2136,FALSE
3817,FALSE
3822,TRUE
2160,FALSE
3901,FALSE
4866,TRUE
3900,TRUE
2159,TRUE
4871,FALSE
2149,TRUE
3828,TRUE
4878,FALSE
3831,FALSE
2165,TRUE
3967,FALSE
3174,TRUE
3997,TRUE
2467,TRUE
2441,FALSE
3712,FALSE
3697,TRUE
3700,TRUE
4712,TRUE
3688,TRUE
2464,FALSE
3693,TRUE
4744,FALSE
2408,FALSE
4745,TRUE
3707,FALSE
3701,TRUE
3996,TRUE
4750,FALSE
2407,FALSE
2405,FALSE
3706,TRUE
2370,FALSE
3995,FALSE
2423,TRUE
3718,TRUE
4715,TRUE
4704,TRUE
2364,TRUE
2424,TRUE
3984,TRUE
3698,TRUE
2425,FALSE
2385,TRUE
2460,FALSE
4743,FALSE
3695,FALSE
4727,FALSE
2436,FALSE
3725,FALSE
2473,TRUE
688,TRUE
668,FALSE
4025,TRUE
6140,TRUE
667,TRUE
5749,FALSE
73,FALSE
97,TRUE
3293,TRUE
302,TRUE
342,FALSE
676,TRUE
4026,TRUE
4221,TRUE
3825,TRUE
674,FALSE
6010,TRUE
5763,FALSE
3608,TRUE
3829,TRUE
5760,TRUE
669,TRUE
4217,FALSE
74,FALSE
6138,FALSE
3896,TRUE
4223,FALSE
6046,TRUE
101,TRUE
5782,FALSE
4198,FALSE
357,FALSE
643,TRUE
6016,TRUE
114,FALSE
6017,TRUE
3329,TRUE
3327,TRUE
6018,FALSE
4191,FALSE
4190,FALSE
3907,TRUE
634,FALSE
295,TRUE
3343,TRUE
5793,FALSE
4186,TRUE
3332,TRUE
99,TRUE
6121,TRUE
3326,TRUE
5975,TRUE
4211,FALSE
6011,FALSE
69,TRUE
3317,TRUE
6127,TRUE
659,FALSE
3318,TRUE
298,TRUE
3321,TRUE
3322,TRUE
104,TRUE
354,FALSE
5777,FALSE
3694,TRUE
6014,TRUE
648,FALSE
3902,TRUE
353,FALSE
338,FALSE
3617,TRUE
3282,TRUE
3194,TRUE
4264,TRUE
3863,TRUE
5704,TRUE
3665,FALSE
3880,FALSE
31,FALSE
5705,TRUE
3860,FALSE
3200,TRUE
6165,FALSE
35,TRUE
6163,TRUE
753,TRUE
36,TRUE
6161,FALSE
38,FALSE
765,FALSE
766,FALSE
3192,TRUE
3189,FALSE
1,FALSE
318,TRUE
3874,TRUE
6179,TRUE
17,TRUE
6001,TRUE
4001,TRUE
3679,TRUE
6159,FALSE
23,TRUE
6173,TRUE
3998,TRUE
779,TRUE
4272,TRUE
24,TRUE
3864,TRUE
6170,TRUE
5697,TRUE
6174,FALSE
749,TRUE
3883,FALSE
5715,TRUE
3845,TRUE
4240,FALSE
3844,TRUE
715,TRUE
711,FALSE
3890,TRUE
6146,FALSE
330,FALSE
5731,TRUE
331,FALSE
3911,TRUE
3272,FALSE
698,TRUE
3691,FALSE
5740,FALSE
5741,TRUE
4021,FALSE
5743,TRUE
56,TRUE
5745,FALSE
48,TRUE
719,FALSE
40,TRUE
43,TRUE
314,FALSE
4007,TRUE
3852,TRUE
739,FALSE
3213,FALSE
3846,TRUE
3633,TRUE
735,TRUE
3221,FALSE
728,TRUE
725,TRUE
47,TRUE
3234,TRUE
3239,FALSE
723,TRUE
720,TRUE
6152,TRUE
116,TRUE
3350,TRUE
629,FALSE
3541,FALSE
471,TRUE
3746,TRUE
265,FALSE
4101,FALSE
212,TRUE
3535,TRUE
3951,TRUE
3740,FALSE
3955,TRUE
223,TRUE
3470,TRUE
226,FALSE
5895,FALSE
453,TRUE
3711,FALSE
5897,FALSE
3705,TRUE
3455,TRUE
204,TRUE
3760,TRUE
3425,FALSE
5869,FALSE
498,FALSE
183,TRUE
191,TRUE
3555,FALSE
3436,TRUE
6031,FALSE
5898,FALSE
3440,TRUE
195,FALSE
4115,FALSE
381,TRUE
6075,FALSE
3546,TRUE
3450,TRUE
3943,TRUE
4108,TRUE
3554,FALSE
4045,TRUE
6058,TRUE
5900,TRUE
5921,FALSE
5938,FALSE
3515,FALSE
237,TRUE
3523,FALSE
5936,FALSE
5926,TRUE
404,TRUE
4068,TRUE
5929,FALSE
239,TRUE
401,TRUE
3965,FALSE
245,TRUE
6048,TRUE
5931,TRUE
3519,TRUE
423,FALSE
4073,FALSE
4062,FALSE
3722,FALSE
229,FALSE
5901,TRUE
230,TRUE
386,TRUE
447,TRUE
443,FALSE
3531,TRUE
4083,TRUE
255,FALSE
3494,TRUE
3973,FALSE
434,TRUE
3499,TRUE
432,FALSE
5913,FALSE
3503,TRUE
425,TRUE
3524,FALSE
4081,FALSE
506,FALSE
268,TRUE
4129,FALSE
598,FALSE
3369,TRUE
3373,TRUE
593,TRUE
294,TRUE
3786,TRUE
3696,TRUE
3379,FALSE
148,FALSE
5823,FALSE
586,TRUE
3381,TRUE
581,TRUE
3384,FALSE
4157,TRUE
5829,TRUE
3783,TRUE
6103,FALSE
3368,TRUE
4168,TRUE
3362,TRUE
6114,TRUE
4183,TRUE
4182,TRUE
621,TRUE
615,FALSE
3803,FALSE
4034,TRUE
3797,FALSE
4156,TRUE
5934,TRUE
125,TRUE
6020,FALSE
612,TRUE
3918,TRUE
3359,FALSE
3920,FALSE
140,FALSE
4172,FALSE
4176,FALSE
571,TRUE
3388,TRUE
4153,TRUE
3585,TRUE
527,TRUE
5957,TRUE
524,FALSE
3418,TRUE
4135,FALSE
519,TRUE
376,TRUE
373,TRUE
6089,TRUE
269,TRUE
3420,FALSE
5860,TRUE
511,FALSE
3772,TRUE
3421,TRUE
3769,TRUE
181,TRUE
4040,FALSE
631,TRUE
3410,TRUE
279,TRUE
150,TRUE
5964,TRUE
4151,FALSE
4149,TRUE
3986,TRUE
3394,TRUE
556,FALSE
5840,FALSE
159,TRUE
151,TRUE
550,TRUE
369,TRUE
5845,TRUE
371,FALSE
6000,TRUE
544,TRUE
3405,TRUE
4141,TRUE
555,TRUE
3999,FALSE
4932,TRUE
3165,TRUE
1670,TRUE
2392,FALSE
1667,TRUE
5165,TRUE
2420,FALSE
4729,TRUE
4726,TRUE
1649,FALSE
4722,TRUE
1641,FALSE
4721,FALSE
2432,FALSE
1630,FALSE
5185,TRUE
2446,TRUE
2447,FALSE
1618,TRUE
1616,TRUE
4710,FALSE
1612,TRUE
2463,FALSE
1605,FALSE
4702,TRUE
1602,FALSE
1601,FALSE
4699,TRUE
1594,FALSE
2387,FALSE
2474,TRUE
1674,FALSE
5156,TRUE
1731,FALSE
1728,TRUE
2325,FALSE
2331,FALSE
1718,FALSE
4769,TRUE
1712,FALSE
5128,FALSE
2351,TRUE
5132,TRUE
5134,FALSE
5135,TRUE
1701,FALSE
2355,TRUE
5138,TRUE
5140,TRUE
1699,TRUE
5142,FALSE
5143,TRUE
4754,FALSE
1693,FALSE
2366,FALSE
1688,FALSE
4748,TRUE
2376,TRUE
2378,TRUE
5155,TRUE
5158,FALSE
4777,TRUE
1590,TRUE
5209,TRUE
5257,FALSE
5265,FALSE
1496,FALSE
1495,TRUE
2540,TRUE
5270,TRUE
1485,TRUE
4641,TRUE
1482,FALSE
5276,TRUE
1481,TRUE
2562,TRUE
4636,TRUE
1470,TRUE
4634,TRUE
1468,FALSE
4631,FALSE
4629,TRUE
1464,TRUE
2569,FALSE
1459,FALSE
2575,TRUE
2595,FALSE
2600,FALSE
2601,TRUE
1443,TRUE
5310,FALSE
1509,FALSE
1587,TRUE
5255,TRUE
4664,TRUE
2477,TRUE
1585,FALSE
1579,FALSE
2482,TRUE
5214,FALSE
5217,FALSE
5218,TRUE
5219,TRUE
1570,FALSE
5221,FALSE
4688,FALSE
2493,TRUE
1560,TRUE
1559,TRUE
1550,TRUE
2497,TRUE
1548,TRUE
2502,TRUE
2506,TRUE
4674,FALSE
2509,FALSE
1535,TRUE
5239,FALSE
4671,FALSE
1532,FALSE
1530,FALSE
1529,TRUE
2528,TRUE
1441,TRUE
1736,TRUE
2316,TRUE
4898,TRUE
1955,TRUE
1952,TRUE
2108,FALSE
4981,TRUE
1951,TRUE
1943,FALSE
4986,TRUE
1938,FALSE
4884,TRUE
4883,TRUE
4993,TRUE
2131,TRUE
1930,TRUE
1924,FALSE
1923,FALSE
1921,FALSE
5002,TRUE
4874,TRUE
1917,TRUE
1914,TRUE
1911,TRUE
2147,FALSE
1904,TRUE
2153,TRUE
4867,TRUE
1895,TRUE
4973,FALSE
5016,TRUE
4971,TRUE
4901,FALSE
4927,TRUE
2037,FALSE
4925,FALSE
2026,TRUE
4938,TRUE
2025,TRUE
2058,TRUE
2017,TRUE
2014,FALSE
4944,FALSE
2006,TRUE
4917,TRUE
2003,TRUE
2069,TRUE
4952,TRUE
1993,TRUE
4954,FALSE
4912,FALSE
4956,FALSE
2074,TRUE
4910,FALSE
1980,TRUE
1976,FALSE
2080,TRUE
4962,FALSE
1970,FALSE
4907,TRUE
4970,FALSE
2321,TRUE
4863,TRUE
1887,FALSE
5071,TRUE
2263,FALSE
2264,TRUE
2269,TRUE
4808,TRUE
4807,FALSE
5081,FALSE
1787,TRUE
1784,TRUE
4804,TRUE
1782,FALSE
2272,FALSE
5087,FALSE
4802,FALSE
2275,TRUE
5091,FALSE
2277,TRUE
2283,FALSE
4793,FALSE
4789,FALSE
5099,TRUE
5100,TRUE
4787,TRUE
4785,FALSE
2315,TRUE
5107,TRUE
1743,TRUE
5070,FALSE
2163,TRUE
1805,TRUE
1812,TRUE
4860,TRUE
2172,FALSE
2183,TRUE
5030,TRUE
1864,TRUE
5032,TRUE
4850,TRUE
1861,TRUE
2189,TRUE
2190,TRUE
1854,TRUE
5039,FALSE
2198,FALSE
1853,TRUE
5042,FALSE
2205,FALSE
1848,FALSE
5047,TRUE
1838,FALSE
5050,TRUE
1837,TRUE
1832,TRUE
2219,FALSE
4833,TRUE
2233,TRUE
4823,TRUE
4822,TRUE
2257,FALSE
5313,FALSE
4601,TRUE
1419,TRUE
1042,TRUE
5546,FALSE
5547,TRUE
4409,TRUE
2937,TRUE
4405,TRUE
4403,TRUE
2943,TRUE
4398,TRUE
2039,FALSE
4397,FALSE
1009,TRUE
4394,TRUE
4389,FALSE
1000,FALSE
2962,TRUE
997,TRUE
5569,FALSE
4386,TRUE
2973,TRUE
2976,FALSE
985,FALSE
2977,TRUE
2981,TRUE
5577,TRUE
2985,TRUE
977,TRUE
1045,TRUE
976,FALSE
2919,FALSE
1058,FALSE
4451,FALSE
1131,TRUE
4448,TRUE
2877,FALSE
4444,FALSE
5504,TRUE
2878,TRUE
2879,TRUE
2881,TRUE
4438,TRUE
5510,FALSE
1095,FALSE
4436,FALSE
1089,FALSE
1086,FALSE
5517,TRUE
2890,TRUE
5519,TRUE
4430,FALSE
1078,TRUE
1077,TRUE
1075,FALSE
5527,FALSE
2904,FALSE
2910,FALSE
5532,FALSE
5534,TRUE
1056,FALSE
2866,FALSE
5584,TRUE
966,TRUE
858,FALSE
4316,FALSE
5642,TRUE
3105,TRUE
5644,TRUE
5645,TRUE
4313,TRUE
4312,FALSE
839,TRUE
3115,TRUE
832,FALSE
5654,FALSE
5658,TRUE
824,TRUE
823,FALSE
822,FALSE
5664,TRUE
5665,FALSE
3126,FALSE
3129,FALSE
5668,FALSE
3142,TRUE
3146,FALSE
5672,TRUE
5674,FALSE
3152,TRUE
5677,FALSE
4318,TRUE
3013,TRUE
5633,TRUE
875,FALSE
4367,FALSE
3016,TRUE
5592,TRUE
3019,FALSE
5594,TRUE
4362,TRUE
4359,TRUE
3030,FALSE
3047,FALSE
5601,TRUE
5603,TRUE
5606,FALSE
920,TRUE
917,FALSE
5610,FALSE
5611,TRUE
913,TRUE
3060,TRUE
3065,TRUE
4340,TRUE
898,FALSE
895,TRUE
3073,TRUE
4333,FALSE
880,TRUE
879,TRUE
877,TRUE
3094,TRUE
2861,TRUE
1135,FALSE
4456,TRUE
5357,TRUE
2671,FALSE
2672,FALSE
2673,FALSE
2681,TRUE
5365,TRUE
4558,TRUE
2683,FALSE
2684,FALSE
2686,TRUE
1336,TRUE
1335,FALSE
5374,TRUE
2691,FALSE
2700,TRUE
1321,FALSE
4546,TRUE
2703,TRUE
1312,FALSE
1307,FALSE
4534,TRUE
5393,TRUE
4533,TRUE
1298,TRUE
1297,TRUE
1294,FALSE
1292,FALSE
1357,TRUE
1288,TRUE
4567,TRUE
2666,TRUE
1417,TRUE
2623,TRUE
4597,FALSE
5321,TRUE
2632,FALSE
5327,FALSE
5328,TRUE
2640,FALSE
4585,FALSE
4584,FALSE
5334,FALSE
4581,FALSE
5336,TRUE
1383,TRUE
5338,TRUE
2646,TRUE
1375,TRUE
2648,TRUE
2652,TRUE
4576,FALSE
5345,FALSE
1370,FALSE
2657,FALSE
5348,TRUE
4573,FALSE
2665,FALSE
1360,TRUE
2668,FALSE
1287,FALSE
1285,FALSE
4529,FALSE
4479,TRUE
1197,FALSE
5456,TRUE
2819,TRUE
5458,TRUE
2830,FALSE
1191,FALSE
4470,TRUE
1183,TRUE
2844,TRUE
1171,TRUE
5470,FALSE
1162,TRUE
5472,TRUE
1158,TRUE
5474,TRUE
2845,TRUE
1155,TRUE
4463,TRUE
2849,FALSE
1148,FALSE
1143,TRUE
2852,TRUE
1139,TRUE
1138,TRUE
1136,TRUE
5488,FALSE
1202,TRUE
2817,FALSE
2816,TRUE
2812,TRUE
5406,FALSE
2732,FALSE
2736,FALSE
1271,FALSE
2737,FALSE
2738,TRUE
1266,TRUE
4517,FALSE
1263,TRUE
5419,TRUE
1259,FALSE
1248,TRUE
4507,TRUE
4279,TRUE
2775,TRUE
1241,TRUE
5431,TRUE
2780,FALSE
2788,TRUE
1230,FALSE
4500,FALSE
5436,TRUE
2792,TRUE
2793,TRUE
4492,FALSE
4490,TRUE
2806,TRUE
4484,TRUE
1245,FALSE
1013,FALSE
